,Venue,Date,Name,NameTag,Team,Laps,Time
0,Great Britain,13-May-50,Nino Farina,FAR,Alfa Romeo,70,13:23.6
1,Monaco,21-May-50,Juan Manuel Fangio,FAN,Alfa Romeo,100,13:18.7
2,Indianapolis 500,30-May-50,Johnnie Parsons,PAR,Kurtis Kraft Offenhauser,138,46:56.0
3,Switzerland,04-Jun-50,Nino Farina,FAR,Alfa Romeo,42,02:53.7
4,Belgium,18-Jun-50,Juan Manuel Fangio,FAN,Alfa Romeo,35,47:26.0
5,France,02-Jul-50,Juan Manuel Fangio,FAN,Alfa Romeo,64,57:52.8
6,Italy,03-Sept-50,Nino Farina,FAR,Alfa Romeo,80,51:17.4
7,Switzerland,27-May-51,Juan Manuel Fangio,FAN,Alfa Romeo,42,07:53.6
8,Indianapolis 500,30-May-51,Lee Wallard,WAL,Kurtis Kraft Offenhauser,200,57:38.0
9,Belgium,17-Jun-51,Nino Farina,FAR,Alfa Romeo,36,45:46.2
10,France,01-Jul-51,Juan Manuel Fangio,FAN,Alfa Romeo,77,22:11.0
11,France,01-Jul-51,Luigi Fagioli,FAG,Alfa Romeo,null,
12,Great Britain,14-Jul-51,Jose Froilan Gonzalez,GON,Ferrari,90,42:18.2
13,Germany,29-Jul-51,Alberto Ascari,ASC,Ferrari,20,23:03.3
14,Italy,16-Sept-51,Alberto Ascari,ASC,Ferrari,80,42:39.3
15,Spain,28-Oct-51,Juan Manuel Fangio,FAN,Alfa Romeo,70,46:54.1
16,Switzerland,18-May-52,Piero Taruffi,TAR,Ferrari,62,01:46.1
17,Indianapolis 500,30-May-52,Troy Ruttman,RUT,Kuzma Offenhauser,200,52:41.9
18,Belgium,22-Jun-52,Alberto Ascari,ASC,Ferrari,36,03:46.3
19,France,06-Jul-52,Alberto Ascari,ASC,Ferrari,77,00:00.0
20,Great Britain,19-Jul-52,Alberto Ascari,ASC,Ferrari,85,44:11.0
21,Germany,03-Aug-52,Alberto Ascari,ASC,Ferrari,18,06:13.3
22,Netherlands,17-Aug-52,Alberto Ascari,ASC,Ferrari,90,53:28.5
23,Italy,07-Sept-52,Alberto Ascari,ASC,Ferrari,80,50:45.6
24,Argentina,18-Jan-53,Alberto Ascari,ASC,Ferrari,97,01:04.6
25,Indianapolis 500,30-May-53,Bill Vukovich,VUK,Kurtis Kraft Offenhauser,200,53:01.7
26,Netherlands,07-Jun-53,Alberto Ascari,ASC,Ferrari,90,53:35.8
27,Belgium,21-Jun-53,Alberto Ascari,ASC,Ferrari,36,48:30.3
28,France,05-Jul-53,Mike Hawthorn,HAW,Ferrari,60,44:18.6
29,Great Britain,18-Jul-53,Alberto Ascari,ASC,Ferrari,90,50:00.0
30,Germany,02-Aug-53,Nino Farina,FAR,Ferrari,18,02:25.0
31,Switzerland,23-Aug-53,Alberto Ascari,ASC,Ferrari,65,01:34.4
32,Italy,13-Sept-53,Juan Manuel Fangio,FAN,Maserati,80,49:45.9
33,Argentina,17-Jan-54,Juan Manuel Fangio,FAN,Maserati,87,00:55.8
34,Indianapolis 500,31-May-54,Bill Vukovich,VUK,Kurtis Kraft Offenhauser,200,49:17.3
35,Belgium,20-Jun-54,Juan Manuel Fangio,FAN,Maserati,36,44:42.4
36,France,04-Jul-54,Juan Manuel Fangio,FAN,Mercedes-Benz,61,42:47.9
37,Great Britain,17-Jul-54,Jose Froilan Gonzalez,GON,Ferrari,90,56:14.0
38,Germany,01-Aug-54,Juan Manuel Fangio,FAN,Mercedes-Benz,22,45:45.8
39,Switzerland,22-Aug-54,Juan Manuel Fangio,FAN,Mercedes-Benz,66,00:34.5
40,Italy,05-Sept-54,Juan Manuel Fangio,FAN,Mercedes-Benz,80,47:47.9
41,Spain,24-Oct-54,Mike Hawthorn,HAW,Ferrari,80,13:52.1
42,Argentina,16-Jan-55,Juan Manuel Fangio,FAN,Mercedes-Benz,96,00:38.6
43,Monaco,22-May-55,Maurice Trintignant,TRI,Ferrari,100,58:09.7
44,Indianapolis 500,30-May-55,Bob Sweikert,SWE,Kurtis Kraft Offenhauser,200,53:59.5
45,Belgium,05-Jun-55,Juan Manuel Fangio,FAN,Mercedes-Benz,36,39:29.0
46,Netherlands,19-Jun-55,Juan Manuel Fangio,FAN,Mercedes-Benz,100,54:23.8
47,Great Britain,16-Jul-55,Stirling Moss,MOS,Mercedes-Benz,90,07:21.2
48,Italy,11-Sept-55,Juan Manuel Fangio,FAN,Mercedes-Benz,50,25:04.4
49,Argentina,22-Jan-56,Luigi Musso,MUS,Ferrari,null,
50,Argentina,22-Jan-56,Juan Manuel Fangio,FAN,Ferrari,98,00:03.7
51,Monaco,13-May-56,Stirling Moss,MOS,Maserati,100,00:32.9
52,Indianapolis 500,30-May-56,Pat Flaherty,FLA,Watson Offenhauser,200,53:28.8
53,Belgium,03-Jun-56,Peter Collins,COL,Ferrari,36,40:00.3
54,France,01-Jul-56,Peter Collins,COL,Ferrari,61,34:23.4
55,Great Britain,14-Jul-56,Juan Manuel Fangio,FAN,Ferrari,101,59:47.0
56,Germany,05-Aug-56,Juan Manuel Fangio,FAN,Ferrari,22,38:43.7
57,Italy,02-Sept-56,Stirling Moss,MOS,Maserati,50,23:41.3
58,Argentina,13-Jan-57,Juan Manuel Fangio,FAN,Maserati,100,00:55.9
59,Monaco,19-May-57,Juan Manuel Fangio,FAN,Maserati,105,10:12.8
60,Indianapolis 500,30-May-57,Sam Hanks,HAN,Epperly Offenhauser,200,41:14.3
61,France,07-Jul-57,Juan Manuel Fangio,FAN,Maserati,77,07:46.4
62,Great Britain,20-Jul-57,Stirling Moss,MOS,Vanwall,90,06:37.8
63,Great Britain,20-Jul-57,Tony Brooks,BRO,Vanwall,null,
64,Germany,04-Aug-57,Juan Manuel Fangio,FAN,Maserati,22,30:38.3
65,Pescara,18-Aug-57,Stirling Moss,MOS,Vanwall,18,59:22.7
66,Italy,08-Sept-57,Stirling Moss,MOS,Vanwall,87,35:03.9
67,Argentina,19-Jan-58,Stirling Moss,MOS,Cooper Climax,80,19:33.7
68,Monaco,18-May-58,Maurice Trintignant,TRI,Cooper Climax,100,52:27.9
69,Netherlands,26-May-58,Stirling Moss,MOS,Vanwall,75,04:49.2
70,Indianapolis 500,30-May-58,Jimmy Bryan,BRY,Epperly Offenhauser,200,44:13.8
71,Belgium,15-Jun-58,Tony Brooks,BRO,Vanwall,24,37:06.3
72,France,06-Jul-58,Mike Hawthorn,HAW,Ferrari,50,03:21.3
73,Great Britain,19-Jul-58,Peter Collins,COL,Ferrari,75,09:04.2
74,Germany,03-Aug-58,Tony Brooks,BRO,Vanwall,15,21:15.0
75,Portugal,24-Aug-58,Stirling Moss,MOS,Vanwall,50,11:27.8
76,Italy,07-Sept-58,Tony Brooks,BRO,Vanwall,70,03:47.8
77,Morocco,19-Oct-58,Stirling Moss,MOS,Vanwall,53,09:15.1
78,Monaco,10-May-59,Jack Brabham,BRA,Cooper Climax,100,55:51.3
79,Indianapolis 500,30-May-59,Rodger Ward,WAR,Watson Offenhauser,200,40:49.2
80,Netherlands,31-May-59,Jo Bonnier,BON,BRM,75,05:26.8
81,France,05-Jul-59,Tony Brooks,BRO,Ferrari,50,01:26.5
82,Great Britain,18-Jul-59,Jack Brabham,BRA,Cooper Climax,75,30:11.6
83,Germany,02-Aug-59,Tony Brooks,BRO,Ferrari,60,09:31.6
84,Portugal,23-Aug-59,Stirling Moss,MOS,Cooper Climax,62,11:55.4
85,Italy,13-Sept-59,Stirling Moss,MOS,Cooper Climax,72,04:05.4
86,United States,12-Dec-59,Bruce McLaren,MCL,Cooper Climax,42,12:35.7
87,Argentina,07-Feb-60,Bruce McLaren,MCL,Cooper Climax,80,17:49.5
88,Monaco,29-May-60,Stirling Moss,MOS,Lotus Climax,100,53:45.5
89,Indianapolis 500,30-May-60,Jim Rathmann,RAT,Watson Offenhauser,200,36:11.4
90,Netherlands,06-Jun-60,Jack Brabham,BRA,Cooper Climax,75,01:47.2
91,Belgium,19-Jun-60,Jack Brabham,BRA,Cooper Climax,36,21:37.3
92,France,03-Jul-60,Jack Brabham,BRA,Cooper Climax,50,57:24.9
93,Great Britain,16-Jul-60,Jack Brabham,BRA,Cooper Climax,77,04:24.6
94,Portugal,14-Aug-60,Jack Brabham,BRA,Cooper Climax,55,19:00.0
95,Italy,04-Sept-60,Phil Hill,HIL,Ferrari,50,21:09.2
96,United States,20-Nov-60,Stirling Moss,MOS,Lotus Climax,75,28:52.2
97,Monaco,14-May-61,Stirling Moss,MOS,Lotus Climax,100,45:50.1
98,Netherlands,22-May-61,Wolfgang von Trips,VON,Ferrari,75,01:52.1
99,Belgium,18-Jun-61,Phil Hill,HIL,Ferrari,30,03:03.8
100,France,02-Jul-61,Giancarlo Baghetti,BAG,Ferrari,52,14:17.5
101,Great Britain,15-Jul-61,Wolfgang von Trips,VON,Ferrari,75,40:53.6
102,Germany,06-Aug-61,Stirling Moss,MOS,Lotus Climax,15,18:12.4
103,Italy,10-Sept-61,Phil Hill,HIL,Ferrari,43,03:13.0
104,United States,08-Oct-61,Innes Ireland,IRE,Lotus Climax,100,13:45.8
105,Netherlands,20-May-62,Graham Hill,HIL,BRM,80,11:02.1
106,Monaco,03-Jun-62,Bruce McLaren,MCL,Cooper Climax,100,46:29.7
107,Belgium,17-Jun-62,Jim Clark,CLA,Lotus Climax,32,07:32.3
108,France,08-Jul-62,Dan Gurney,GUR,Porsche,54,07:35.5
109,Great Britain,21-Jul-62,Jim Clark,CLA,Lotus Climax,75,26:20.8
110,Germany,05-Aug-62,Graham Hill,HIL,BRM,15,38:45.3
111,Italy,16-Sept-62,Graham Hill,HIL,BRM,86,29:08.4
112,United States,07-Oct-62,Jim Clark,CLA,Lotus Climax,100,07:13.0
113,South Africa,29-Dec-62,Graham Hill,HIL,BRM,82,08:03.3
114,Monaco,26-May-63,Graham Hill,HIL,BRM,100,41:49.7
115,Belgium,09-Jun-63,Jim Clark,CLA,Lotus Climax,32,27:47.6
116,Netherlands,23-Jun-63,Jim Clark,CLA,Lotus Climax,80,08:13.7
117,France,30-Jun-63,Jim Clark,CLA,Lotus Climax,53,10:54.3
118,Great Britain,20-Jul-63,Jim Clark,CLA,Lotus Climax,82,14:09.6
119,Germany,04-Aug-63,John Surtees,SUR,Ferrari,15,13:06.8
120,Italy,08-Sept-63,Jim Clark,CLA,Lotus Climax,86,24:19.6
121,United States,06-Oct-63,Graham Hill,HIL,BRM,110,19:22.1
122,Mexico,27-Oct-63,Jim Clark,CLA,Lotus Climax,65,09:52.1
123,South Africa,28-Dec-63,Jim Clark,CLA,Lotus Climax,85,10:36.9
124,Monaco,10-May-64,Graham Hill,HIL,BRM,100,41:19.5
125,Netherlands,24-May-64,Jim Clark,CLA,Lotus Climax,80,07:35.4
126,Belgium,14-Jun-64,Jim Clark,CLA,Lotus Climax,32,06:40.5
127,France,28-Jun-64,Dan Gurney,GUR,Brabham Climax,57,07:49.1
128,Great Britain,11-Jul-64,Jim Clark,CLA,Lotus Climax,80,15:07.0
129,Germany,02-Aug-64,John Surtees,SUR,Ferrari,15,12:04.8
130,Austria,23-Aug-64,Lorenzo Bandini,BAN,Ferrari,105,06:18.2
131,Italy,06-Sept-64,John Surtees,SUR,Ferrari,78,10:51.8
132,United States,04-Oct-64,Graham Hill,HIL,BRM,110,16:38.0
133,Mexico,25-Oct-64,Dan Gurney,GUR,Brabham Climax,65,09:50.3
134,South Africa,01-Jan-65,Jim Clark,CLA,Lotus Climax,85,06:46.0
135,Monaco,30-May-65,Graham Hill,HIL,BRM,100,37:39.6
136,Belgium,13-Jun-65,Jim Clark,CLA,Lotus Climax,32,23:34.8
137,France,27-Jun-65,Jim Clark,CLA,Lotus Climax,40,14:38.4
138,Great Britain,10-Jul-65,Jim Clark,CLA,Lotus Climax,80,05:25.4
139,Netherlands,18-Jul-65,Jim Clark,CLA,Lotus Climax,80,03:59.1
140,Germany,01-Aug-65,Jim Clark,CLA,Lotus Climax,15,07:52.4
141,Italy,12-Sept-65,Jackie Stewart,STE,BRM,76,04:52.8
142,United States,03-Oct-65,Graham Hill,HIL,BRM,110,20:36.1
143,Mexico,24-Oct-65,Richie Ginther,GIN,Honda,65,08:32.1
144,Monaco,22-May-66,Jackie Stewart,STE,BRM,100,33:10.5
145,Belgium,12-Jun-66,John Surtees,SUR,Ferrari,28,09:11.3
146,France,03-Jul-66,Jack Brabham,BRA,Brabham Repco,48,48:31.3
147,Great Britain,16-Jul-66,Jack Brabham,BRA,Brabham Repco,80,13:13.4
148,Netherlands,24-Jul-66,Jack Brabham,BRA,Brabham Repco,90,20:32.5
149,Germany,07-Aug-66,Jack Brabham,BRA,Brabham Repco,15,27:03.0
150,Italy,04-Sept-66,Ludovico Scarfiotti,SCA,Ferrari,68,47:14.8
151,United States,02-Oct-66,Jim Clark,CLA,Lotus BRM,108,09:40.1
152,Mexico,23-Oct-66,John Surtees,SUR,Cooper Maserati,65,06:35.3
153,South Africa,02-Jan-67,Pedro Rodriguez,ROD,Cooper Maserati,80,05:45.9
154,Monaco,07-May-67,Denny Hulme,HUL,Brabham Repco,100,34:34.3
155,Netherlands,04-Jun-67,Jim Clark,CLA,Lotus Ford,90,14:45.1
156,Belgium,18-Jun-67,Dan Gurney,GUR,Eagle Weslake,28,40:49.4
157,France,02-Jul-67,Jack Brabham,BRA,Brabham Repco,80,13:21.3
158,Great Britain,15-Jul-67,Jim Clark,CLA,Lotus Ford,80,59:25.6
159,Germany,06-Aug-67,Denny Hulme,HUL,Brabham Repco,15,05:55.7
160,Canada,27-Aug-67,Jack Brabham,BRA,Brabham Repco,90,40:40.0
161,Italy,10-Sept-67,John Surtees,SUR,Honda,68,43:45.0
162,United States,01-Oct-67,Jim Clark,CLA,Lotus Ford,108,03:13.2
163,Mexico,22-Oct-67,Jim Clark,CLA,Lotus Ford,65,59:28.7
164,South Africa,01-Jan-68,Jim Clark,CLA,Lotus Ford,80,53:56.6
165,Spain,12-May-68,Graham Hill,HIL,Lotus Ford,90,15:20.1
166,Monaco,26-May-68,Graham Hill,HIL,Lotus Ford,80,00:32.3
167,Belgium,09-Jun-68,Bruce McLaren,MCL,McLaren Ford,28,40:02.1
168,Netherlands,23-Jun-68,Jackie Stewart,STE,Matra Ford,90,46:11.3
169,France,07-Jul-68,Jacky Ickx,ICK,Ferrari,60,25:40.9
170,Great Britain,20-Jul-68,Jo Siffert,SIF,Lotus Ford,80,01:20.3
171,Germany,04-Aug-68,Jackie Stewart,STE,Matra Ford,14,19:03.2
172,Italy,08-Sept-68,Denny Hulme,HUL,McLaren Ford,68,40:14.8
173,Canada,22-Sept-68,Denny Hulme,HUL,McLaren Ford,90,27:11.2
174,United States,06-Oct-68,Jackie Stewart,STE,Matra Ford,108,59:20.3
175,Mexico,03-Nov-68,Graham Hill,HIL,Lotus Ford,65,56:44.0
176,South Africa,01-Mar-69,Jackie Stewart,STE,Matra Ford,80,50:39.1
177,Spain,04-May-69,Jackie Stewart,STE,Matra Ford,90,16:54.0
178,Monaco,18-May-69,Graham Hill,HIL,Lotus Ford,80,56:59.4
179,Netherlands,21-Jun-69,Jackie Stewart,STE,Matra Ford,90,06:42.1
180,France,06-Jul-69,Jackie Stewart,STE,Matra Ford,38,56:47.4
181,Great Britain,19-Jul-69,Jackie Stewart,STE,Matra Ford,84,55:55.6
182,Germany,03-Aug-69,Jacky Ickx,ICK,Brabham Ford,14,49:55.4
183,Italy,07-Sept-69,Jackie Stewart,STE,Matra Ford,68,39:11.3
184,Canada,20-Sept-69,Jacky Ickx,ICK,Brabham Ford,90,59:25.7
185,United States,05-Oct-69,Jochen Rindt,RIN,Lotus Ford,108,57:56.8
186,Mexico,19-Oct-69,Denny Hulme,HUL,McLaren Ford,65,54:08.8
187,South Africa,07-Mar-70,Jack Brabham,BRA,Brabham Ford,80,49:34.6
188,Spain,19-Apr-70,Jackie Stewart,STE,March Ford,90,10:58.2
189,Monaco,10-May-70,Jochen Rindt,RIN,Lotus Ford,80,54:36.6
190,Belgium,07-Jun-70,Pedro Rodriguez,ROD,BRM,28,38:09.9
191,Netherlands,21-Jun-70,Jochen Rindt,RIN,Lotus Ford,80,50:43.4
192,France,05-Jul-70,Jochen Rindt,RIN,Lotus Ford,38,55:57.0
193,Great Britain,18-Jul-70,Jochen Rindt,RIN,Lotus Ford,80,57:02.0
194,Germany,02-Aug-70,Jochen Rindt,RIN,Lotus Ford,50,42:00.3
195,Austria,16-Aug-70,Jacky Ickx,ICK,Ferrari,60,42:17.3
196,Italy,06-Sept-70,Clay Regazzoni,REG,Ferrari,68,39:06.9
197,Canada,20-Sept-70,Jacky Ickx,ICK,Ferrari,90,21:18.4
198,United States,04-Oct-70,Emerson Fittipaldi,FIT,Lotus Ford,108,57:32.8
199,Mexico,25-Oct-70,Jacky Ickx,ICK,Ferrari,65,53:28.4
200,South Africa,06-Mar-71,Mario Andretti,AND,Ferrari,79,47:35.5
201,Spain,18-Apr-71,Jackie Stewart,STE,Tyrrell Ford,75,49:03.4
202,Monaco,23-May-71,Jackie Stewart,STE,Tyrrell Ford,80,52:21.3
203,Netherlands,20-Jun-71,Jacky Ickx,ICK,Ferrari,70,56:20.1
204,France,04-Jul-71,Jackie Stewart,STE,Tyrrell Ford,55,46:41.7
205,Great Britain,17-Jul-71,Jackie Stewart,STE,Tyrrell Ford,68,31:31.5
206,Germany,01-Aug-71,Jackie Stewart,STE,Tyrrell Ford,12,29:15.7
207,Austria,15-Aug-71,Jo Siffert,SIF,BRM,54,30:23.9
208,Italy,05-Sept-71,Peter Gethin,GET,BRM,55,18:12.6
209,Canada,19-Sept-71,Jackie Stewart,STE,Tyrrell Ford,64,55:12.9
210,United States,03-Oct-71,Francois Cevert,CEV,Tyrrell Ford,59,43:52.0
211,Argentina,23-Jan-72,Jackie Stewart,STE,Tyrrell Ford,95,57:58.8
212,South Africa,04-Mar-72,Denny Hulme,HUL,McLaren Ford,79,45:49.1
213,Spain,01-May-72,Emerson Fittipaldi,FIT,Lotus Ford,90,03:41.2
214,Monaco,14-May-72,Jean-Pierre Beltoise,BEL,BRM,80,26:54.7
215,Belgium,04-Jun-72,Emerson Fittipaldi,FIT,Lotus Ford,85,44:06.7
216,France,02-Jul-72,Jackie Stewart,STE,Tyrrell Ford,38,52:21.5
217,Great Britain,15-Jul-72,Emerson Fittipaldi,FIT,Lotus Ford,76,47:50.2
218,Germany,30-Jul-72,Jacky Ickx,ICK,Ferrari,14,42:12.3
219,Austria,13-Aug-72,Emerson Fittipaldi,FIT,Lotus Ford,54,29:16.7
220,Italy,10-Sept-72,Emerson Fittipaldi,FIT,Lotus Ford,55,29:58.4
221,Canada,24-Sept-72,Jackie Stewart,STE,Tyrrell Ford,80,43:16.9
222,United States,08-Oct-72,Jackie Stewart,STE,Tyrrell Ford,59,41:45.4
223,Argentina,28-Jan-73,Emerson Fittipaldi,FIT,Lotus Ford,96,56:18.2
224,Brazil,11-Feb-73,Emerson Fittipaldi,FIT,Lotus Ford,40,43:55.6
225,South Africa,03-Mar-73,Jackie Stewart,STE,Tyrrell Ford,79,43:11.1
226,Spain,29-Apr-73,Emerson Fittipaldi,FIT,Lotus Ford,75,48:18.7
227,Belgium,20-May-73,Jackie Stewart,STE,Tyrrell Ford,70,42:13.4
228,Monaco,03-Jun-73,Jackie Stewart,STE,Tyrrell Ford,78,57:44.3
229,Sweden,17-Jun-73,Denny Hulme,HUL,McLaren Ford,80,56:46.0
230,France,01-Jul-73,Ronnie Peterson,PET,Lotus Ford,54,41:36.5
231,Great Britain,14-Jul-73,Peter Revson,REV,McLaren Ford,67,29:18.5
232,Netherlands,29-Jul-73,Jackie Stewart,STE,Tyrrell Ford,72,39:12.5
233,Germany,05-Aug-73,Jackie Stewart,STE,Tyrrell Ford,14,42:03.0
234,Austria,19-Aug-73,Ronnie Peterson,PET,Lotus Ford,54,28:48.8
235,Italy,09-Sept-73,Ronnie Peterson,PET,Lotus Ford,55,29:17.0
236,Canada,23-Sept-73,Peter Revson,REV,McLaren Ford,80,59:04.1
237,United States,07-Oct-73,Ronnie Peterson,PET,Lotus Ford,59,41:15.8
238,Argentina,13-Jan-74,Denny Hulme,HUL,McLaren Ford,53,41:02.0
239,Brazil,27-Jan-74,Emerson Fittipaldi,FIT,McLaren Ford,32,24:37.1
240,South Africa,30-Mar-74,Carlos Reutemann,REU,Brabham Ford,78,42:41.0
241,Spain,28-Apr-74,Niki Lauda,LAU,Ferrari,84,00:29.6
242,Belgium,12-May-74,Emerson Fittipaldi,FIT,McLaren Ford,85,44:20.6
243,Monaco,26-May-74,Ronnie Peterson,PET,Lotus Ford,78,58:03.7
244,Sweden,09-Jun-74,Jody Scheckter,SCH,Tyrrell Ford,80,58:31.4
245,Netherlands,23-Jun-74,Niki Lauda,LAU,Ferrari,75,43:00.4
246,France,07-Jul-74,Ronnie Peterson,PET,Lotus Ford,80,21:55.0
247,Great Britain,20-Jul-74,Jody Scheckter,SCH,Tyrrell Ford,75,43:02.2
248,Germany,04-Aug-74,Clay Regazzoni,REG,Ferrari,14,41:35.0
249,Austria,18-Aug-74,Carlos Reutemann,REU,Brabham Ford,54,28:44.7
250,Italy,08-Sept-74,Ronnie Peterson,PET,Lotus Ford,52,22:56.6
251,Canada,22-Sept-74,Emerson Fittipaldi,FIT,McLaren Ford,80,40:26.1
252,United States,06-Oct-74,Carlos Reutemann,REU,Brabham Ford,59,40:21.4
253,Argentina,12-Jan-75,Emerson Fittipaldi,FIT,McLaren Ford,53,39:26.3
254,Brazil,26-Jan-75,Carlos Pace,PAC,Brabham Ford,40,44:41.2
255,South Africa,01-Mar-75,Jody Scheckter,SCH,Tyrrell Ford,78,43:16.9
256,Spain,27-Apr-75,Jochen Mass,MAS,McLaren Ford,29,42:53.7
257,Monaco,11-May-75,Niki Lauda,LAU,Ferrari,75,01:21.3
258,Belgium,25-May-75,Niki Lauda,LAU,Ferrari,70,43:54.0
259,Sweden,08-Jun-75,Niki Lauda,LAU,Ferrari,80,59:18.3
260,Netherlands,22-Jun-75,James Hunt,HUN,Hesketh Ford,75,46:57.4
261,France,06-Jul-75,Niki Lauda,LAU,Ferrari,54,40:18.8
262,Great Britain,19-Jul-75,Emerson Fittipaldi,FIT,McLaren Ford,56,22:05.0
263,Germany,03-Aug-75,Carlos Reutemann,REU,Brabham Ford,14,41:14.1
264,Austria,17-Aug-75,Vittorio Brambilla,BRA,March Ford,29,57:56.7
265,Italy,07-Sept-75,Clay Regazzoni,REG,Ferrari,52,22:42.6
266,United States,05-Oct-75,Niki Lauda,LAU,Ferrari,59,42:58.2
267,Brazil,25-Jan-76,Niki Lauda,LAU,Ferrari,40,45:16.8
268,South Africa,06-Mar-76,Niki Lauda,LAU,Ferrari,78,42:18.4
269,USA West,28-Mar-76,Clay Regazzoni,REG,Ferrari,80,53:18.5
270,Spain,02-May-76,James Hunt,HUN,McLaren Ford,75,42:20.4
271,Belgium,16-May-76,Niki Lauda,LAU,Ferrari,70,42:53.2
272,Monaco,30-May-76,Niki Lauda,LAU,Ferrari,78,59:51.5
273,Sweden,13-Jun-76,Jody Scheckter,SCH,Tyrrell Ford,72,46:53.7
274,France,04-Jul-76,James Hunt,HUN,McLaren Ford,54,40:58.6
275,Great Britain,18-Jul-76,Niki Lauda,LAU,Ferrari,76,44:19.7
276,Germany,01-Aug-76,James Hunt,HUN,McLaren Ford,14,41:42.7
277,Austria,15-Aug-76,John Watson,WAT,Penske Ford,54,30:07.9
278,Netherlands,29-Aug-76,James Hunt,HUN,McLaren Ford,75,44:52.1
279,Italy,12-Sept-76,Ronnie Peterson,PET,March Ford,52,30:35.6
280,Canada,03-Oct-76,James Hunt,HUN,McLaren Ford,80,40:09.6
281,USA East,10-Oct-76,James Hunt,HUN,McLaren Ford,59,42:40.7
282,Japan,24-Oct-76,Mario Andretti,AND,Lotus Ford,73,43:58.9
283,Argentina,09-Jan-77,Jody Scheckter,SCH,Wolf Ford,53,40:11.2
284,Brazil,23-Jan-77,Carlos Reutemann,REU,Ferrari,40,45:07.7
285,South Africa,05-Mar-77,Niki Lauda,LAU,Ferrari,78,42:21.6
286,USA West,03-Apr-77,Mario Andretti,AND,Lotus Ford,80,51:35.5
287,Spain,08-May-77,Mario Andretti,AND,Lotus Ford,75,42:52.2
288,Monaco,22-May-77,Jody Scheckter,SCH,Wolf Ford,76,57:52.8
289,Belgium,05-Jun-77,Gunnar Nilsson,NIL,Lotus Ford,70,55:05.7
290,Sweden,19-Jun-77,Jacques Laffite,LAF,Ligier Matra,72,46:55.5
291,France,03-Jul-77,Mario Andretti,AND,Lotus Ford,80,39:40.1
292,Great Britain,16-Jul-77,James Hunt,HUN,McLaren Ford,68,31:46.1
293,Germany,31-Jul-77,Niki Lauda,LAU,Ferrari,47,31:48.6
294,Austria,14-Aug-77,Alan Jones,JON,Shadow Ford,54,37:16.5
295,Netherlands,28-Aug-77,Niki Lauda,LAU,Ferrari,75,41:45.9
296,Italy,11-Sept-77,Mario Andretti,AND,Lotus Ford,52,27:50.3
297,USA East,02-Oct-77,James Hunt,HUN,McLaren Ford,59,58:23.3
298,Canada,09-Oct-77,Jody Scheckter,SCH,Wolf Ford,80,40:00.0
299,Japan,23-Oct-77,James Hunt,HUN,McLaren Ford,73,31:51.7
300,Argentina,15-Jan-78,Mario Andretti,AND,Lotus Ford,52,37:04.5
301,Brazil,29-Jan-78,Carlos Reutemann,REU,Ferrari,63,49:59.9
302,South Africa,04-Mar-78,Ronnie Peterson,PET,Lotus Ford,78,42:15.8
303,USA West,02-Apr-78,Carlos Reutemann,REU,Ferrari,80,52:01.3
304,Monaco,07-May-78,Patrick Depailler,DEP,Tyrrell Ford,75,55:14.7
305,Belgium,21-May-78,Mario Andretti,AND,Lotus Ford,70,39:52.0
306,Spain,04-Jun-78,Mario Andretti,AND,Lotus Ford,75,41:47.1
307,Sweden,17-Jun-78,Niki Lauda,LAU,Brabham Alfa Romeo,70,41:00.6
308,France,02-Jul-78,Mario Andretti,AND,Lotus Ford,54,38:51.9
309,Great Britain,16-Jul-78,Carlos Reutemann,REU,Ferrari,76,42:12.4
310,Germany,30-Jul-78,Mario Andretti,AND,Lotus Ford,45,28:00.9
311,Austria,13-Aug-78,Ronnie Peterson,PET,Lotus Ford,54,41:21.6
312,Netherlands,27-Aug-78,Mario Andretti,AND,Lotus Ford,75,41:04.2
313,Italy,10-Sept-78,Niki Lauda,LAU,Brabham Alfa Romeo,40,07:04.5
314,USA East,01-Oct-78,Carlos Reutemann,REU,Ferrari,59,40:48.8
315,Canada,08-Oct-78,Gilles Villeneuve,VIL,Ferrari,70,57:49.2
316,Argentina,21-Jan-79,Jacques Laffite,LAF,Ligier Ford,53,36:03.2
317,Brazil,04-Feb-79,Jacques Laffite,LAF,Ligier Ford,40,40:09.6
318,South Africa,03-Mar-79,Gilles Villeneuve,VIL,Ferrari,78,41:50.0
319,USA West,08-Apr-79,Gilles Villeneuve,VIL,Ferrari,80,50:25.4
320,Spain,29-Apr-79,Patrick Depailler,DEP,Ligier Ford,75,39:11.8
321,Belgium,13-May-79,Jody Scheckter,SCH,Ferrari,70,39:59.5
322,Monaco,27-May-79,Jody Scheckter,SCH,Ferrari,76,55:22.5
323,France,01-Jul-79,Jean-Pierre Jabouille,JAB,Renault,80,35:20.4
324,Great Britain,14-Jul-79,Clay Regazzoni,REG,Williams Ford,68,26:11.2
325,Germany,29-Jul-79,Alan Jones,JON,Williams Ford,45,24:48.8
326,Austria,12-Aug-79,Alan Jones,JON,Williams Ford,54,27:38.0
327,Netherlands,26-Aug-79,Alan Jones,JON,Williams Ford,75,41:19.8
328,Italy,09-Sept-79,Jody Scheckter,SCH,Ferrari,50,22:00.2
329,Canada,30-Sept-79,Alan Jones,JON,Williams Ford,72,52:06.9
330,USA East,07-Oct-79,Gilles Villeneuve,VIL,Ferrari,59,52:17.7
331,Argentina,13-Jan-80,Alan Jones,JON,Williams Ford,53,43:24.4
332,Brazil,27-Jan-80,Rene Arnoux,ARN,Renault,40,40:01.3
333,South Africa,01-Mar-80,Rene Arnoux,ARN,Renault,78,36:52.5
334,USA West,30-Mar-80,Nelson Piquet,PIQ,Brabham Ford,80,50:18.6
335,Belgium,04-May-80,Didier Pironi,PIR,Ligier Ford,72,38:46.5
336,Monaco,18-May-80,Carlos Reutemann,REU,Williams Ford,76,55:34.4
337,France,29-Jun-80,Alan Jones,JON,Williams Ford,54,32:43.4
338,Great Britain,13-Jul-80,Alan Jones,JON,Williams Ford,76,34:49.2
339,Germany,10-Aug-80,Jacques Laffite,LAF,Ligier Ford,45,22:59.7
340,Austria,17-Aug-80,Jean-Pierre Jabouille,JAB,Renault,54,26:15.7
341,Netherlands,31-Aug-80,Nelson Piquet,PIQ,Brabham Ford,72,38:13.8
342,Italy,14-Sept-80,Nelson Piquet,PIQ,Brabham Ford,60,38:07.5
343,Canada,28-Sept-80,Alan Jones,JON,Williams Ford,70,46:45.5
344,USA East,05-Oct-80,Alan Jones,JON,Williams Ford,59,34:36.0
345,USA West,15-Mar-81,Alan Jones,JON,Williams Ford,80,50:41.3
346,Brazil,29-Mar-81,Carlos Reutemann,REU,Williams Ford,62,00:23.7
347,Argentina,12-Apr-81,Nelson Piquet,PIQ,Brabham Ford,53,34:32.7
348,San Marino,03-May-81,Nelson Piquet,PIQ,Brabham Ford,60,51:24.0
349,Belgium,17-May-81,Carlos Reutemann,REU,Williams Ford,54,16:31.6
350,Monaco,31-May-81,Gilles Villeneuve,VIL,Ferrari,76,54:23.4
351,Spain,21-Jun-81,Gilles Villeneuve,VIL,Ferrari,80,46:35.0
352,France,05-Jul-81,Alain Prost,PRO,Renault,80,35:48.1
353,Great Britain,18-Jul-81,John Watson,WAT,McLaren Ford,68,26:54.8
354,Germany,02-Aug-81,Nelson Piquet,PIQ,Brabham Ford,45,25:55.6
355,Austria,16-Aug-81,Jacques Laffite,LAF,Ligier Matra,53,27:36.5
356,Netherlands,30-Aug-81,Alain Prost,PRO,Renault,72,40:22.4
357,Italy,13-Sept-81,Alain Prost,PRO,Renault,52,26:33.9
358,Canada,27-Sept-81,Jacques Laffite,LAF,Ligier Matra,63,01:25.2
359,Las Vegas,17-Oct-81,Alan Jones,JON,Williams Ford,75,44:09.1
360,South Africa,23-Jan-82,Alain Prost,PRO,Renault,77,32:08.4
361,Brazil,21-Mar-82,Alain Prost,PRO,Renault,63,44:33.1
362,USA West,04-Apr-82,Niki Lauda,LAU,McLaren Ford,75,58:25.3
363,San Marino,25-Apr-82,Didier Pironi,PIR,Ferrari,60,36:38.9
364,Belgium,09-May-82,John Watson,WAT,McLaren Ford,70,35:42.0
365,Monaco,23-May-82,Riccardo Patrese,PAT,Brabham Ford,76,54:11.3
366,Detroit,06-Jun-82,John Watson,WAT,McLaren Ford,62,58:41.0
367,Canada,13-Jun-82,Nelson Piquet,PIQ,Brabham BMW,70,46:39.6
368,Netherlands,03-Jul-82,Didier Pironi,PIR,Ferrari,72,38:03.3
369,Great Britain,18-Jul-82,Niki Lauda,LAU,McLaren Ford,76,35:33.8
370,France,25-Jul-82,Rene Arnoux,ARN,Renault,54,33:33.2
371,Germany,08-Aug-82,Patrick Tambay,TAM,Ferrari,45,27:25.2
372,Austria,15-Aug-82,Elio de Angelis,DEA,Lotus Ford,53,25:02.2
373,Switzerland,29-Aug-82,Keke Rosberg,ROS,Williams Ford,80,32:41.1
374,Italy,12-Sept-82,Rene Arnoux,ARN,Renault,52,22:25.7
375,Las Vegas,25-Sept-82,Michele Alboreto,ALB,Tyrrell Ford,75,41:56.9
376,Brazil,13-Mar-83,Nelson Piquet,PIQ,Brabham BMW,63,48:27.7
377,USA West,27-Mar-83,John Watson,WAT,McLaren Ford,75,53:34.9
378,France,17-Apr-83,Alain Prost,PRO,Renault,54,34:13.9
379,San Marino,01-May-83,Patrick Tambay,TAM,Ferrari,60,37:52.5
380,Monaco,15-May-83,Keke Rosberg,ROS,Williams Ford,76,56:38.1
381,Belgium,22-May-83,Alain Prost,PRO,Renault,40,27:11.5
382,Detroit,05-Jun-83,Michele Alboreto,ALB,Tyrrell Ford,60,50:53.7
383,Canada,12-Jun-83,Rene Arnoux,ARN,Ferrari,70,48:31.8
384,Great Britain,16-Jul-83,Alain Prost,PRO,Renault,67,24:39.8
385,Germany,07-Aug-83,Rene Arnoux,ARN,Ferrari,45,27:10.3
386,Austria,14-Aug-83,Alain Prost,PRO,Renault,53,24:32.7
387,Netherlands,28-Aug-83,Rene Arnoux,ARN,Ferrari,72,38:42.0
388,Italy,11-Sept-83,Nelson Piquet,PIQ,Brabham BMW,52,23:10.9
389,Europe,25-Sept-83,Nelson Piquet,PIQ,Brabham BMW,76,36:45.9
390,South Africa,15-Oct-83,Riccardo Patrese,PAT,Brabham BMW,77,33:25.7
391,Brazil,25-Mar-84,Alain Prost,PRO,McLaren TAG,61,42:34.5
392,South Africa,07-Apr-84,Niki Lauda,LAU,McLaren TAG,75,29:23.4
393,Belgium,29-Apr-84,Michele Alboreto,ALB,Ferrari,70,36:32.0
394,San Marino,06-May-84,Alain Prost,PRO,McLaren TAG,60,36:53.7
395,France,20-May-84,Niki Lauda,LAU,McLaren TAG,79,31:12.0
396,Monaco,03-Jun-84,Alain Prost,PRO,McLaren TAG,31,01:07.7
397,Canada,17-Jun-84,Nelson Piquet,PIQ,Brabham BMW,70,46:23.7
398,Detroit,24-Jun-84,Nelson Piquet,PIQ,Brabham BMW,63,55:41.8
399,Dallas,08-Jul-84,Keke Rosberg,ROS,Williams Honda,67,01:22.6
400,Great Britain,22-Jul-84,Niki Lauda,LAU,McLaren TAG,71,29:28.5
401,Germany,05-Aug-84,Alain Prost,PRO,McLaren TAG,44,24:43.2
402,Austria,19-Aug-84,Niki Lauda,LAU,McLaren TAG,51,21:12.9
403,Netherlands,26-Aug-84,Alain Prost,PRO,McLaren TAG,71,37:21.5
404,Italy,09-Sept-84,Niki Lauda,LAU,McLaren TAG,51,20:29.1
405,Europe,07-Oct-84,Alain Prost,PRO,McLaren TAG,67,35:13.3
406,Portugal,21-Oct-84,Alain Prost,PRO,McLaren TAG,70,41:11.8
407,Brazil,07-Apr-85,Alain Prost,PRO,McLaren TAG,61,41:26.1
408,Portugal,21-Apr-85,Ayrton Senna,SEN,Lotus Renault,67,00:28.0
409,San Marino,05-May-85,Elio de Angelis,DEA,Lotus Renault,60,34:36.0
410,Monaco,19-May-85,Alain Prost,PRO,McLaren TAG,78,51:58.0
411,Canada,16-Jun-85,Michele Alboreto,ALB,Ferrari,70,46:01.8
412,Detroit,23-Jun-85,Keke Rosberg,ROS,Williams Honda,63,55:39.9
413,France,07-Jul-85,Nelson Piquet,PIQ,Brabham BMW,53,31:46.3
414,Great Britain,21-Jul-85,Alain Prost,PRO,McLaren TAG,65,18:10.4
415,Germany,04-Aug-85,Michele Alboreto,ALB,Ferrari,67,35:31.3
416,Austria,18-Aug-85,Alain Prost,PRO,McLaren TAG,52,20:12.6
417,Netherlands,25-Aug-85,Niki Lauda,LAU,McLaren TAG,70,32:29.3
418,Italy,08-Sept-85,Alain Prost,PRO,McLaren TAG,51,17:59.5
419,Belgium,15-Sept-85,Ayrton Senna,SEN,Lotus Renault,43,34:19.9
420,Europe,06-Oct-85,Nigel Mansell,MAN,Williams Honda,75,32:58.1
421,South Africa,19-Oct-85,Nigel Mansell,MAN,Williams Honda,75,28:22.9
422,Australia,03-Nov-85,Keke Rosberg,ROS,Williams Honda,82,00:40.5
423,Brazil,23-Mar-86,Nelson Piquet,PIQ,Williams Honda,61,39:32.6
424,Spain,13-Apr-86,Ayrton Senna,SEN,Lotus Renault,72,48:47.7
425,San Marino,27-Apr-86,Alain Prost,PRO,McLaren TAG,60,32:28.4
426,Monaco,11-May-86,Alain Prost,PRO,McLaren TAG,78,55:41.1
427,Belgium,25-May-86,Nigel Mansell,MAN,Williams Honda,43,27:57.9
428,Canada,15-Jun-86,Nigel Mansell,MAN,Williams Honda,69,42:26.4
429,Detroit,22-Jun-86,Ayrton Senna,SEN,Lotus Renault,63,51:12.8
430,France,06-Jul-86,Nigel Mansell,MAN,Williams Honda,80,37:19.3
431,Great Britain,13-Jul-86,Nigel Mansell,MAN,Williams Honda,75,30:38.5
432,Germany,27-Jul-86,Nelson Piquet,PIQ,Williams Honda,44,22:08.3
433,Hungary,10-Aug-86,Nelson Piquet,PIQ,Williams Honda,76,00:34.5
434,Austria,17-Aug-86,Alain Prost,PRO,McLaren TAG,52,21:22.5
435,Italy,07-Sept-86,Nelson Piquet,PIQ,Williams Honda,51,17:42.9
436,Portugal,21-Sept-86,Nigel Mansell,MAN,Williams Honda,70,37:21.9
437,Mexico,12-Oct-86,Gerhard Berger,BER,Benetton BMW,68,33:18.7
438,Australia,26-Oct-86,Alain Prost,PRO,McLaren TAG,82,54:20.4
439,Brazil,12-Apr-87,Alain Prost,PRO,McLaren TAG,61,39:45.1
440,San Marino,03-May-87,Nigel Mansell,MAN,Williams Honda,59,31:24.1
441,Belgium,17-May-87,Alain Prost,PRO,McLaren TAG,43,27:03.2
442,Monaco,31-May-87,Ayrton Senna,SEN,Lotus Honda,78,57:54.1
443,Detroit,21-Jun-87,Ayrton Senna,SEN,Lotus Honda,63,50:16.4
444,France,05-Jul-87,Nigel Mansell,MAN,Williams Honda,80,37:03.8
445,Great Britain,12-Jul-87,Nigel Mansell,MAN,Williams Honda,65,19:11.8
446,Germany,26-Jul-87,Nelson Piquet,PIQ,Williams Honda,44,21:25.1
447,Hungary,09-Aug-87,Nelson Piquet,PIQ,Williams Honda,76,59:26.8
448,Austria,16-Aug-87,Nigel Mansell,MAN,Williams Honda,52,18:44.9
449,Italy,06-Sept-87,Nelson Piquet,PIQ,Williams Honda,50,14:47.7
450,Portugal,20-Sept-87,Alain Prost,PRO,McLaren TAG,70,37:03.9
451,Spain,27-Sept-87,Nigel Mansell,MAN,Williams Honda,72,49:12.7
452,Mexico,18-Oct-87,Nigel Mansell,MAN,Williams Honda,63,26:24.2
453,Japan,01-Nov-87,Gerhard Berger,BER,Ferrari,51,32:58.1
454,Australia,15-Nov-87,Gerhard Berger,BER,Ferrari,82,52:56.1
455,Brazil,03-Apr-88,Alain Prost,PRO,McLaren Honda,60,36:06.9
456,San Marino,01-May-88,Ayrton Senna,SEN,McLaren Honda,60,32:41.3
457,Monaco,15-May-88,Alain Prost,PRO,McLaren Honda,78,57:17.1
458,Mexico,29-May-88,Alain Prost,PRO,McLaren Honda,67,30:15.7
459,Canada,12-Jun-88,Ayrton Senna,SEN,McLaren Honda,69,39:46.6
460,Detroit,19-Jun-88,Ayrton Senna,SEN,McLaren Honda,63,54:56.0
461,France,03-Jul-88,Alain Prost,PRO,McLaren Honda,80,37:37.3
462,Great Britain,10-Jul-88,Ayrton Senna,SEN,McLaren Honda,65,33:16.4
463,Germany,24-Jul-88,Ayrton Senna,SEN,McLaren Honda,44,32:54.2
464,Hungary,07-Aug-88,Ayrton Senna,SEN,McLaren Honda,76,57:47.1
465,Belgium,28-Aug-88,Ayrton Senna,SEN,McLaren Honda,43,28:00.5
466,Italy,11-Sept-88,Gerhard Berger,BER,Ferrari,51,17:39.7
467,Portugal,25-Sept-88,Alain Prost,PRO,McLaren Honda,70,37:41.0
468,Spain,02-Oct-88,Alain Prost,PRO,McLaren Honda,72,48:43.9
469,Japan,30-Oct-88,Ayrton Senna,SEN,McLaren Honda,51,33:26.2
470,Australia,13-Nov-88,Alain Prost,PRO,McLaren Honda,82,53:14.7
471,Brazil,26-Mar-89,Nigel Mansell,MAN,Ferrari,61,38:58.7
472,San Marino,23-Apr-89,Ayrton Senna,SEN,McLaren Honda,58,26:51.2
473,Monaco,07-May-89,Ayrton Senna,SEN,McLaren Honda,77,53:33.3
474,Mexico,28-May-89,Ayrton Senna,SEN,McLaren Honda,69,35:21.4
475,United States,04-Jun-89,Alain Prost,PRO,McLaren Honda,75,01:33.1
476,Canada,18-Jun-89,Thierry Boutsen,BOU,Williams Renault,69,01:24.1
477,France,09-Jul-89,Alain Prost,PRO,McLaren Honda,80,38:29.4
478,Great Britain,16-Jul-89,Alain Prost,PRO,McLaren Honda,64,19:22.1
479,Germany,30-Jul-89,Ayrton Senna,SEN,McLaren Honda,45,21:43.3
480,Hungary,13-Aug-89,Nigel Mansell,MAN,Ferrari,77,49:38.7
481,Belgium,27-Aug-89,Ayrton Senna,SEN,McLaren Honda,44,40:54.2
482,Italy,10-Sept-89,Alain Prost,PRO,McLaren Honda,53,19:27.5
483,Portugal,24-Sept-89,Gerhard Berger,BER,Ferrari,71,36:48.5
484,Spain,01-Oct-89,Ayrton Senna,SEN,McLaren Honda,72,47:48.3
485,Japan,22-Oct-89,Alessandro Nannini,NAN,Benetton Ford,53,35:06.3
486,Australia,05-Nov-89,Thierry Boutsen,BOU,Williams Renault,70,00:17.4
487,United States,11-Mar-90,Ayrton Senna,SEN,McLaren Honda,72,52:32.8
488,Brazil,25-Mar-90,Alain Prost,PRO,Ferrari,71,37:21.3
489,San Marino,13-May-90,Riccardo Patrese,PAT,Williams Renault,61,30:55.5
490,Monaco,27-May-90,Ayrton Senna,SEN,McLaren Honda,78,52:47.0
491,Canada,10-Jun-90,Ayrton Senna,SEN,McLaren Honda,70,42:56.4
492,Mexico,24-Jun-90,Alain Prost,PRO,Ferrari,69,32:35.8
493,France,08-Jul-90,Alain Prost,PRO,Ferrari,80,33:29.6
494,Great Britain,15-Jul-90,Alain Prost,PRO,Ferrari,64,18:31.0
495,Germany,29-Jul-90,Ayrton Senna,SEN,McLaren Honda,45,20:47.2
496,Hungary,12-Aug-90,Thierry Boutsen,BOU,Williams Renault,77,49:30.6
497,Belgium,26-Aug-90,Ayrton Senna,SEN,McLaren Honda,44,26:32.0
498,Italy,09-Sept-90,Ayrton Senna,SEN,McLaren Honda,53,17:57.9
499,Portugal,23-Sept-90,Nigel Mansell,MAN,Ferrari,61,22:11.0
500,Spain,30-Sept-90,Alain Prost,PRO,Ferrari,73,48:01.5
501,Japan,21-Oct-90,Nelson Piquet,PIQ,Benetton Ford,53,34:36.8
502,Australia,04-Nov-90,Nelson Piquet,PIQ,Benetton Ford,81,49:44.6
503,United States,10-Mar-91,Ayrton Senna,SEN,McLaren Honda,81,00:47.8
504,Brazil,24-Mar-91,Ayrton Senna,SEN,McLaren Honda,71,38:28.1
505,San Marino,28-Apr-91,Ayrton Senna,SEN,McLaren Honda,61,35:14.8
506,Monaco,12-May-91,Ayrton Senna,SEN,McLaren Honda,78,53:02.3
507,Canada,02-Jun-91,Nelson Piquet,PIQ,Benetton Ford,69,38:51.5
508,Mexico,16-Jun-91,Riccardo Patrese,PAT,Williams Renault,67,29:52.2
509,France,07-Jul-91,Nigel Mansell,MAN,Williams Renault,72,38:00.1
510,Great Britain,14-Jul-91,Nigel Mansell,MAN,Williams Renault,59,27:35.5
511,Germany,28-Jul-91,Nigel Mansell,MAN,Williams Renault,45,19:29.7
512,Hungary,11-Aug-91,Ayrton Senna,SEN,McLaren Honda,77,49:12.8
513,Belgium,25-Aug-91,Ayrton Senna,SEN,McLaren Honda,44,27:17.7
514,Italy,08-Sept-91,Nigel Mansell,MAN,Williams Renault,53,17:54.3
515,Portugal,22-Sept-91,Riccardo Patrese,PAT,Williams Renault,71,35:42.3
516,Spain,29-Sept-91,Nigel Mansell,MAN,Williams Renault,65,38:41.5
517,Japan,20-Oct-91,Gerhard Berger,BER,McLaren Honda,53,32:10.7
518,Australia,03-Nov-91,Ayrton Senna,SEN,McLaren Honda,14,24:34.9
519,South Africa,01-Mar-92,Nigel Mansell,MAN,Williams Renault,72,36:45.3
520,Mexico,22-Mar-92,Nigel Mansell,MAN,Williams Renault,69,31:53.6
521,Brazil,05-Apr-92,Nigel Mansell,MAN,Williams Renault,71,36:51.9
522,Spain,03-May-92,Nigel Mansell,MAN,Williams Renault,65,56:10.7
523,San Marino,17-May-92,Nigel Mansell,MAN,Williams Renault,60,28:40.9
524,Monaco,31-May-92,Ayrton Senna,SEN,McLaren Honda,78,50:59.4
525,Canada,14-Jun-92,Gerhard Berger,BER,McLaren Honda,69,37:08.3
526,France,05-Jul-92,Nigel Mansell,MAN,Williams Renault,69,38:08.5
527,Great Britain,12-Jul-92,Nigel Mansell,MAN,Williams Renault,59,25:43.0
528,Germany,26-Jul-92,Nigel Mansell,MAN,Williams Renault,45,18:22.0
529,Hungary,16-Aug-92,Ayrton Senna,SEN,McLaren Honda,77,46:19.2
530,Belgium,30-Aug-92,Michael Schumacher,MSC,Benetton Ford,44,36:10.7
531,Italy,13-Sept-92,Ayrton Senna,SEN,McLaren Honda,53,18:15.3
532,Portugal,27-Sept-92,Nigel Mansell,MAN,Williams Renault,71,34:46.7
533,Japan,25-Oct-92,Riccardo Patrese,PAT,Williams Renault,53,33:09.6
534,Australia,08-Nov-92,Gerhard Berger,BER,McLaren Honda,82,46:54.8
535,South Africa,14-Mar-93,Alain Prost,PRO,Williams Renault,72,38:45.1
536,Brazil,28-Mar-93,Ayrton Senna,SEN,McLaren Ford,71,51:15.5
537,Europe,11-Apr-93,Ayrton Senna,SEN,McLaren Ford,76,50:46.6
538,San Marino,25-Apr-93,Alain Prost,PRO,Williams Renault,61,33:20.4
539,Spain,09-May-93,Alain Prost,PRO,Williams Renault,65,32:27.7
540,Monaco,23-May-93,Ayrton Senna,SEN,McLaren Ford,78,52:10.9
541,Canada,13-Jun-93,Alain Prost,PRO,Williams Renault,69,36:41.8
542,France,04-Jul-93,Alain Prost,PRO,Williams Renault,72,38:35.2
543,Great Britain,11-Jul-93,Alain Prost,PRO,Williams Renault,59,25:38.2
544,Germany,25-Jul-93,Alain Prost,PRO,Williams Renault,45,18:40.9
545,Hungary,15-Aug-93,Damon Hill,HIL,Williams Renault,77,47:39.1
546,Belgium,29-Aug-93,Damon Hill,HIL,Williams Renault,44,24:32.1
547,Italy,12-Sept-93,Damon Hill,HIL,Williams Renault,53,17:07.5
548,Portugal,26-Sept-93,Michael Schumacher,MSC,Benetton Ford,71,32:46.3
549,Japan,24-Oct-93,Ayrton Senna,SEN,McLaren Ford,53,40:27.9
550,Australia,07-Nov-93,Ayrton Senna,SEN,McLaren Ford,79,43:27.5
551,Brazil,27-Mar-94,Michael Schumacher,MSC,Benetton Ford,71,35:38.8
552,Pacific,17-Apr-94,Michael Schumacher,MSC,Benetton Ford,83,46:01.7
553,San Marino,01-May-94,Michael Schumacher,MSC,Benetton Ford,58,28:28.6
554,Monaco,15-May-94,Michael Schumacher,MSC,Benetton Ford,78,49:55.4
555,Spain,29-May-94,Damon Hill,HIL,Williams Renault,65,36:14.4
556,Canada,12-Jun-94,Michael Schumacher,MSC,Benetton Ford,69,44:31.9
557,France,03-Jul-94,Michael Schumacher,MSC,Benetton Ford,72,38:35.7
558,Great Britain,10-Jul-94,Damon Hill,HIL,Williams Renault,60,30:03.6
559,Germany,31-Jul-94,Gerhard Berger,BER,Ferrari,45,22:37.3
560,Hungary,14-Aug-94,Michael Schumacher,MSC,Benetton Ford,77,48:00.2
561,Belgium,28-Aug-94,Damon Hill,HIL,Williams Renault,44,28:47.2
562,Italy,11-Sept-94,Damon Hill,HIL,Williams Renault,53,18:02.8
563,Portugal,25-Sept-94,Damon Hill,HIL,Williams Renault,71,41:10.2
564,Europe,16-Oct-94,Michael Schumacher,MSC,Benetton Ford,69,40:26.7
565,Japan,06-Nov-94,Damon Hill,HIL,Williams Renault,50,55:53.5
566,Australia,13-Nov-94,Nigel Mansell,MAN,Williams Renault,81,47:51.5
567,Brazil,26-Mar-95,Michael Schumacher,MSC,Benetton Renault,71,38:34.2
568,Argentina,09-Apr-95,Damon Hill,HIL,Williams Renault,71,51:39.5
569,San Marino,30-Apr-95,Damon Hill,HIL,Williams Renault,63,41:42.6
570,Spain,14-May-95,Michael Schumacher,MSC,Benetton Renault,65,34:20.5
571,Monaco,28-May-95,Michael Schumacher,MSC,Benetton Renault,78,53:11.3
572,Canada,11-Jun-95,Jean Alesi,ALE,Ferrari,69,46:31.3
573,France,02-Jul-95,Michael Schumacher,MSC,Benetton Renault,72,38:28.4
574,Great Britain,16-Jul-95,Johnny Herbert,HER,Benetton Renault,61,34:35.1
575,Germany,30-Jul-95,Michael Schumacher,MSC,Benetton Renault,45,22:56.0
576,Hungary,13-Aug-95,Damon Hill,HIL,Williams Renault,77,46:25.7
577,Belgium,27-Aug-95,Michael Schumacher,MSC,Benetton Renault,44,36:47.9
578,Italy,10-Sept-95,Johnny Herbert,HER,Benetton Renault,53,18:27.9
579,Portugal,24-Sept-95,David Coulthard,COU,Williams Renault,71,41:52.1
580,Europe,01-Oct-95,Michael Schumacher,MSC,Benetton Renault,67,39:59.0
581,Pacific,22-Oct-95,Michael Schumacher,MSC,Benetton Renault,83,48:50.0
582,Japan,29-Oct-95,Michael Schumacher,MSC,Benetton Renault,53,36:52.9
583,Australia,12-Nov-95,Damon Hill,HIL,Williams Renault,81,49:15.9
584,Australia,10-Mar-96,Damon Hill,HIL,Williams Renault,58,32:50.5
585,Brazil,31-Mar-96,Damon Hill,HIL,Williams Renault,71,49:53.0
586,Argentina,07-Apr-96,Damon Hill,HIL,Williams Renault,72,54:55.3
587,Europe,28-Apr-96,Jacques Villeneuve,VIL,Williams Renault,67,33:26.5
588,San Marino,05-May-96,Damon Hill,HIL,Williams Renault,63,35:26.2
589,Monaco,19-May-96,Olivier Panis,PAN,Ligier Mugen Honda,75,00:45.6
590,Spain,02-Jun-96,Michael Schumacher,MSC,Ferrari,65,59:49.3
591,Canada,16-Jun-96,Damon Hill,HIL,Williams Renault,69,36:03.5
592,France,30-Jun-96,Damon Hill,HIL,Williams Renault,72,36:28.8
593,Great Britain,14-Jul-96,Jacques Villeneuve,VIL,Williams Renault,61,33:00.9
594,Germany,28-Jul-96,Damon Hill,HIL,Williams Renault,45,21:43.4
595,Hungary,11-Aug-96,Jacques Villeneuve,VIL,Williams Renault,77,46:21.1
596,Belgium,25-Aug-96,Michael Schumacher,MSC,Ferrari,44,28:15.1
597,Italy,08-Sept-96,Michael Schumacher,MSC,Ferrari,53,17:43.6
598,Portugal,22-Sept-96,Jacques Villeneuve,VIL,Williams Renault,70,40:22.9
599,Japan,13-Oct-96,Damon Hill,HIL,Williams Renault,52,32:33.8
600,Australia,09-Mar-97,David Coulthard,COU,McLaren Mercedes,58,30:28.7
601,Brazil,30-Mar-97,Jacques Villeneuve,VIL,Williams Renault,72,36:07.0
602,Argentina,13-Apr-97,Jacques Villeneuve,VIL,Williams Renault,72,52:01.7
603,San Marino,27-Apr-97,Heinz-Harald Frentzen,FRE,Williams Renault,62,31:00.7
604,Monaco,11-May-97,Michael Schumacher,MSC,Ferrari,62,00:05.7
605,Spain,25-May-97,Jacques Villeneuve,VIL,Williams Renault,64,30:35.9
606,Canada,15-Jun-97,Michael Schumacher,MSC,Ferrari,54,17:40.6
607,France,29-Jun-97,Michael Schumacher,MSC,Ferrari,72,38:50.5
608,Great Britain,13-Jul-97,Jacques Villeneuve,VIL,Williams Renault,59,28:01.7
609,Germany,27-Jul-97,Gerhard Berger,BER,Benetton Renault,45,20:59.0
610,Hungary,10-Aug-97,Jacques Villeneuve,VIL,Williams Renault,77,45:47.1
611,Belgium,24-Aug-97,Michael Schumacher,MSC,Ferrari,44,33:46.7
612,Italy,07-Sept-97,David Coulthard,COU,McLaren Mercedes,53,17:04.6
613,Austria,21-Sept-97,Jacques Villeneuve,VIL,Williams Renault,71,27:36.0
614,Luxembourg,28-Sept-97,Jacques Villeneuve,VIL,Williams Renault,67,31:27.8
615,Japan,12-Oct-97,Michael Schumacher,MSC,Ferrari,53,29:48.4
616,Europe,26-Oct-97,Mika Hakkinen,HAK,McLaren Mercedes,69,38:57.8
617,Australia,08-Mar-98,Mika Hakkinen,HAK,McLaren Mercedes,58,31:46.0
618,Brazil,29-Mar-98,Mika Hakkinen,HAK,McLaren Mercedes,72,37:11.7
619,Argentina,12-Apr-98,Michael Schumacher,MSC,Ferrari,72,48:36.2
620,San Marino,26-Apr-98,David Coulthard,COU,McLaren Mercedes,62,34:24.6
621,Spain,10-May-98,Mika Hakkinen,HAK,McLaren Mercedes,65,33:37.6
622,Monaco,24-May-98,Mika Hakkinen,HAK,McLaren Mercedes,78,51:23.6
623,Canada,07-Jun-98,Michael Schumacher,MSC,Ferrari,69,40:57.4
624,France,28-Jun-98,Michael Schumacher,MSC,Ferrari,71,34:45.0
625,Great Britain,12-Jul-98,Michael Schumacher,MSC,Ferrari,60,47:02.5
626,Austria,26-Jul-98,Mika Hakkinen,HAK,McLaren Mercedes,71,30:44.1
627,Germany,02-Aug-98,Mika Hakkinen,HAK,McLaren Mercedes,45,20:48.0
628,Hungary,16-Aug-98,Michael Schumacher,MSC,Ferrari,77,45:25.5
629,Belgium,30-Aug-98,Damon Hill,HIL,Jordan Mugen Honda,44,43:47.4
630,Italy,13-Sept-98,Michael Schumacher,MSC,Ferrari,53,17:09.7
631,Luxembourg,27-Sept-98,Mika Hakkinen,HAK,McLaren Mercedes,67,32:14.8
632,Japan,01-Nov-98,Mika Hakkinen,HAK,McLaren Mercedes,51,27:22.5
633,Australia,07-Mar-99,Eddie Irvine,IRV,Ferrari,57,35:01.7
634,Brazil,11-Apr-99,Mika Hakkinen,HAK,McLaren Mercedes,72,36:03.8
635,San Marino,02-May-99,Michael Schumacher,MSC,Ferrari,62,33:44.8
636,Monaco,16-May-99,Michael Schumacher,MSC,Ferrari,78,49:31.8
637,Spain,30-May-99,Mika Hakkinen,HAK,McLaren Mercedes,65,34:13.7
638,Canada,13-Jun-99,Mika Hakkinen,HAK,McLaren Mercedes,69,41:35.7
639,France,27-Jun-99,Heinz-Harald Frentzen,FRE,Jordan Mugen Honda,72,58:24.3
640,Great Britain,11-Jul-99,David Coulthard,COU,McLaren Mercedes,60,32:30.1
641,Austria,25-Jul-99,Eddie Irvine,IRV,Ferrari,71,28:12.4
642,Germany,01-Aug-99,Eddie Irvine,IRV,Ferrari,45,21:58.6
643,Hungary,15-Aug-99,Mika Hakkinen,HAK,McLaren Mercedes,77,46:23.5
644,Belgium,29-Aug-99,David Coulthard,COU,McLaren Mercedes,44,25:43.1
645,Italy,12-Sept-99,Heinz-Harald Frentzen,FRE,Jordan Mugen Honda,53,17:02.9
646,Europe,26-Sept-99,Johnny Herbert,HER,Stewart Ford,66,41:54.3
647,Malaysia,17-Oct-99,Eddie Irvine,IRV,Ferrari,56,36:38.5
648,Japan,31-Oct-99,Mika Hakkinen,HAK,McLaren Mercedes,53,31:18.8
649,Australia,12-Mar-00,Michael Schumacher,MSC,Ferrari,58,34:02.0
650,Brazil,26-Mar-00,Michael Schumacher,MSC,Ferrari,71,31:35.3
651,San Marino,09-Apr-00,Michael Schumacher,MSC,Ferrari,62,31:39.8
652,Great Britain,23-Apr-00,David Coulthard,COU,McLaren Mercedes,60,28:50.1
653,Spain,07-May-00,Mika Hakkinen,HAK,McLaren Mercedes,65,33:55.4
654,Europe,21-May-00,Michael Schumacher,MSC,Ferrari,67,42:00.3
655,Monaco,04-Jun-00,David Coulthard,COU,McLaren Mercedes,78,49:28.2
656,Canada,18-Jun-00,Michael Schumacher,MSC,Ferrari,69,41:12.3
657,France,02-Jul-00,David Coulthard,COU,McLaren Mercedes,72,38:05.5
658,Austria,16-Jul-00,Mika Hakkinen,HAK,McLaren Mercedes,71,28:15.8
659,Germany,30-Jul-00,Rubens Barrichello,BAR,Ferrari,45,25:34.4
660,Hungary,13-Aug-00,Mika Hakkinen,HAK,McLaren Mercedes,77,45:33.9
661,Belgium,27-Aug-00,Mika Hakkinen,HAK,McLaren Mercedes,44,28:14.5
662,Italy,10-Sept-00,Michael Schumacher,MSC,Ferrari,53,27:31.6
663,United States,24-Sept-00,Michael Schumacher,MSC,Ferrari,73,36:30.9
664,Japan,08-Oct-00,Michael Schumacher,MSC,Ferrari,53,29:53.4
665,Malaysia,22-Oct-00,Michael Schumacher,MSC,Ferrari,56,35:54.2
666,Australia,04-Mar-01,Michael Schumacher,MSC,Ferrari,58,38:26.5
667,Malaysia,18-Mar-01,Michael Schumacher,MSC,Ferrari,55,47:34.8
668,Brazil,01-Apr-01,David Coulthard,COU,McLaren Mercedes,71,39:00.8
669,San Marino,15-Apr-01,Ralf Schumacher,RSC,Williams BMW,62,30:44.8
670,Spain,29-Apr-01,Michael Schumacher,MSC,Ferrari,65,31:03.3
671,Austria,13-May-01,David Coulthard,COU,McLaren Mercedes,71,27:45.9
672,Monaco,27-May-01,Michael Schumacher,MSC,Ferrari,78,47:22.6
673,Canada,10-Jun-01,Ralf Schumacher,RSC,Williams BMW,69,34:31.5
674,Europe,24-Jun-01,Michael Schumacher,MSC,Ferrari,67,29:42.7
675,France,01-Jul-01,Michael Schumacher,MSC,Ferrari,72,33:35.6
676,Great Britain,15-Jul-01,Mika Hakkinen,HAK,McLaren Mercedes,60,25:33.8
677,Germany,29-Jul-01,Ralf Schumacher,RSC,Williams BMW,45,18:17.9
678,Hungary,19-Aug-01,Michael Schumacher,MSC,Ferrari,77,41:49.7
679,Belgium,02-Sept-01,Michael Schumacher,MSC,Ferrari,36,08:05.0
680,Italy,16-Sept-01,Juan Pablo Montoya,MOY,Williams BMW,53,16:58.5
681,United States,30-Sept-01,Mika Hakkinen,HAK,McLaren Mercedes,73,32:42.8
682,Japan,14-Oct-01,Michael Schumacher,MSC,Ferrari,53,27:33.3
683,Australia,03-Mar-02,Michael Schumacher,MSC,Ferrari,58,35:36.8
684,Malaysia,17-Mar-02,Ralf Schumacher,RSC,Williams BMW,56,34:12.9
685,Brazil,31-Mar-02,Michael Schumacher,MSC,Ferrari,71,31:43.7
686,San Marino,14-Apr-02,Michael Schumacher,MSC,Ferrari,62,29:10.8
687,Spain,28-Apr-02,Michael Schumacher,MSC,Ferrari,65,30:30.0
688,Austria,12-May-02,Michael Schumacher,MSC,Ferrari,71,33:51.6
689,Monaco,26-May-02,David Coulthard,COU,McLaren Mercedes,78,45:39.1
690,Canada,09-Jun-02,Michael Schumacher,MSC,Ferrari,70,33:36.1
691,Europe,23-Jun-02,Rubens Barrichello,BAR,Ferrari,60,35:07.4
692,Great Britain,07-Jul-02,Michael Schumacher,MSC,Ferrari,60,31:45.0
693,France,21-Jul-02,Michael Schumacher,MSC,Ferrari,72,32:09.8
694,Germany,28-Jul-02,Michael Schumacher,MSC,Ferrari,67,27:52.1
695,Hungary,18-Aug-02,Rubens Barrichello,BAR,Ferrari,77,41:49.0
696,Belgium,01-Sept-02,Michael Schumacher,MSC,Ferrari,44,21:20.6
697,Italy,15-Sept-02,Rubens Barrichello,BAR,Ferrari,53,16:20.0
698,United States,29-Sept-02,Rubens Barrichello,BAR,Ferrari,73,31:07.9
699,Japan,13-Oct-02,Michael Schumacher,MSC,Ferrari,53,26:59.7
700,Australia,09-Mar-03,David Coulthard,COU,McLaren Mercedes,58,34:42.1
701,Malaysia,23-Mar-03,Kimi RÃ¤ikkÃ¶nen,RAI,McLaren Mercedes,56,32:22.2
702,Brazil,06-Apr-03,Giancarlo Fisichella,FIS,Jordan Ford,54,31:17.7
703,San Marino,20-Apr-03,Michael Schumacher,MSC,Ferrari,62,28:12.1
704,Spain,04-May-03,Michael Schumacher,MSC,Ferrari,65,33:46.9
705,Austria,18-May-03,Michael Schumacher,MSC,Ferrari,69,24:04.9
706,Monaco,01-Jun-03,Juan Pablo Montoya,MOY,Williams BMW,78,42:19.0
707,Canada,15-Jun-03,Michael Schumacher,MSC,Ferrari,70,31:13.6
708,Europe,29-Jun-03,Ralf Schumacher,RSC,Williams BMW,60,34:43.6
709,France,06-Jul-03,Ralf Schumacher,RSC,Williams BMW,70,30:49.2
710,Great Britain,20-Jul-03,Rubens Barrichello,BAR,Ferrari,60,28:37.6
711,Germany,03-Aug-03,Juan Pablo Montoya,MOY,Williams BMW,67,28:48.8
712,Hungary,24-Aug-03,Fernando Alonso,ALO,Renault,70,39:01.5
713,Italy,14-Sept-03,Michael Schumacher,MSC,Ferrari,53,14:19.8
714,United States,28-Sept-03,Michael Schumacher,MSC,Ferrari,73,33:36.0
715,Japan,12-Oct-03,Rubens Barrichello,BAR,Ferrari,53,25:11.7
716,Australia,07-Mar-04,Michael Schumacher,MSC,Ferrari,58,24:15.8
717,Malaysia,21-Mar-04,Michael Schumacher,MSC,Ferrari,56,31:07.5
718,Bahrain,04-Apr-04,Michael Schumacher,MSC,Ferrari,57,28:34.9
719,San Marino,25-Apr-04,Michael Schumacher,MSC,Ferrari,62,26:19.7
720,Spain,09-May-04,Michael Schumacher,MSC,Ferrari,66,27:32.8
721,Monaco,23-May-04,Jarno Trulli,TRU,Renault,77,45:46.6
722,Europe,30-May-04,Michael Schumacher,MSC,Ferrari,60,32:35.1
723,Canada,13-Jun-04,Michael Schumacher,MSC,Ferrari,70,28:24.8
724,United States,20-Jun-04,Michael Schumacher,MSC,Ferrari,73,40:29.9
725,France,04-Jul-04,Michael Schumacher,MSC,Ferrari,70,30:18.1
726,Great Britain,11-Jul-04,Michael Schumacher,MSC,Ferrari,60,24:42.7
727,Germany,25-Jul-04,Michael Schumacher,MSC,Ferrari,66,23:54.8
728,Hungary,15-Aug-04,Michael Schumacher,MSC,Ferrari,70,35:26.1
729,Belgium,29-Aug-04,Kimi RÃ¤ikkÃ¶nen,RAI,McLaren Mercedes,44,32:35.3
730,Italy,12-Sept-04,Rubens Barrichello,BAR,Ferrari,53,15:18.4
731,China,26-Sept-04,Rubens Barrichello,BAR,Ferrari,56,29:12.4
732,Japan,10-Oct-04,Michael Schumacher,MSC,Ferrari,53,24:27.0
733,Brazil,24-Oct-04,Juan Pablo Montoya,MOY,Williams BMW,71,28:01.5
734,Australia,06-Mar-05,Giancarlo Fisichella,FIS,Renault,57,24:17.3
735,Malaysia,20-Mar-05,Fernando Alonso,ALO,Renault,56,31:33.7
736,Bahrain,03-Apr-05,Fernando Alonso,ALO,Renault,57,29:18.5
737,San Marino,24-Apr-05,Fernando Alonso,ALO,Renault,62,27:41.9
738,Spain,08-May-05,Kimi RÃ¤ikkÃ¶nen,RAI,McLaren Mercedes,66,27:16.8
739,Monaco,22-May-05,Kimi RÃ¤ikkÃ¶nen,RAI,McLaren Mercedes,78,45:15.6
740,Europe,29-May-05,Fernando Alonso,ALO,Renault,59,31:46.6
741,Canada,12-Jun-05,Kimi RÃ¤ikkÃ¶nen,RAI,McLaren Mercedes,70,32:09.3
742,United States,19-Jun-05,Michael Schumacher,MSC,Ferrari,73,29:43.2
743,France,03-Jul-05,Fernando Alonso,ALO,Renault,70,31:22.2
744,Great Britain,10-Jul-05,Juan Pablo Montoya,MOY,McLaren Mercedes,60,24:29.6
745,Germany,24-Jul-05,Fernando Alonso,ALO,Renault,67,26:28.6
746,Hungary,31-Jul-05,Kimi RÃ¤ikkÃ¶nen,RAI,McLaren Mercedes,70,37:25.6
747,Turkey,21-Aug-05,Kimi RÃ¤ikkÃ¶nen,RAI,McLaren Mercedes,58,24:34.5
748,Italy,04-Sept-05,Juan Pablo Montoya,MOY,McLaren Mercedes,53,14:28.7
749,Belgium,11-Sept-05,Kimi RÃ¤ikkÃ¶nen,RAI,McLaren Mercedes,44,30:01.3
750,Brazil,25-Sept-05,Juan Pablo Montoya,MOY,McLaren Mercedes,71,29:20.6
751,Japan,09-Oct-05,Kimi RÃ¤ikkÃ¶nen,RAI,McLaren Mercedes,53,29:02.2
752,China,16-Oct-05,Fernando Alonso,ALO,Renault,56,39:53.6
753,Bahrain,12-Mar-06,Fernando Alonso,ALO,Renault,57,29:46.2
754,Malaysia,19-Mar-06,Giancarlo Fisichella,FIS,Renault,56,30:40.5
755,Australia,02-Apr-06,Fernando Alonso,ALO,Renault,57,34:27.9
756,San Marino,23-Apr-06,Michael Schumacher,MSC,Ferrari,62,31:06.5
757,Europe,07-May-06,Michael Schumacher,MSC,Ferrari,60,35:58.8
758,Spain,14-May-06,Fernando Alonso,ALO,Renault,66,26:21.8
759,Monaco,28-May-06,Fernando Alonso,ALO,Renault,78,43:43.1
760,Great Britain,11-Jun-06,Fernando Alonso,ALO,Renault,60,25:51.9
761,Canada,25-Jun-06,Fernando Alonso,ALO,Renault,70,34:37.3
762,United States,02-Jul-06,Michael Schumacher,MSC,Ferrari,73,34:35.2
763,France,16-Jul-06,Michael Schumacher,MSC,Ferrari,70,32:07.8
764,Germany,30-Jul-06,Michael Schumacher,MSC,Ferrari,67,27:51.7
765,Hungary,06-Aug-06,Jenson Button,BUT,Honda,70,52:20.9
766,Turkey,27-Aug-06,Felipe Massa,MAS,Ferrari,58,28:51.1
767,Italy,10-Sept-06,Michael Schumacher,MSC,Ferrari,53,14:52.0
768,China,01-Oct-06,Michael Schumacher,MSC,Ferrari,56,37:32.7
769,Japan,08-Oct-06,Fernando Alonso,ALO,Renault,53,23:53.4
770,Brazil,22-Oct-06,Felipe Massa,MAS,Ferrari,71,31:53.8
771,Australia,18-Mar-07,Kimi RÃ¤ikkÃ¶nen,RAI,Ferrari,58,25:28.8
772,Malaysia,08-Apr-07,Fernando Alonso,ALO,McLaren Mercedes,56,32:14.9
773,Bahrain,15-Apr-07,Felipe Massa,MAS,Ferrari,57,33:27.5
774,Spain,13-May-07,Felipe Massa,MAS,Ferrari,65,31:36.2
775,Monaco,27-May-07,Fernando Alonso,ALO,McLaren Mercedes,78,40:29.3
776,Canada,10-Jun-07,Lewis Hamilton,HAM,McLaren Mercedes,70,44:11.3
777,United States,17-Jun-07,Lewis Hamilton,HAM,McLaren Mercedes,73,31:10.0
778,France,01-Jul-07,Kimi RÃ¤ikkÃ¶nen,RAI,Ferrari,70,30:54.2
779,Great Britain,08-Jul-07,Kimi RÃ¤ikkÃ¶nen,RAI,Ferrari,59,21:43.1
780,Europe,22-Jul-07,Fernando Alonso,ALO,McLaren Mercedes,60,06:26.4
781,Hungary,05-Aug-07,Lewis Hamilton,HAM,McLaren Mercedes,70,35:53.0
782,Turkey,26-Aug-07,Felipe Massa,MAS,Ferrari,58,26:42.2
783,Italy,09-Sept-07,Fernando Alonso,ALO,McLaren Mercedes,53,18:37.8
784,Belgium,16-Sept-07,Kimi RÃ¤ikkÃ¶nen,RAI,Ferrari,44,20:39.1
785,Japan,30-Sept-07,Lewis Hamilton,HAM,McLaren Mercedes,67,00:34.6
786,China,07-Oct-07,Kimi RÃ¤ikkÃ¶nen,RAI,Ferrari,56,37:58.4
787,Brazil,21-Oct-07,Kimi RÃ¤ikkÃ¶nen,RAI,Ferrari,71,28:15.3
788,Australia,16-Mar-08,Lewis Hamilton,HAM,McLaren Mercedes,58,34:50.6
789,Malaysia,23-Mar-08,Kimi RÃ¤ikkÃ¶nen,RAI,Ferrari,56,31:18.6
790,Bahrain,06-Apr-08,Felipe Massa,MAS,Ferrari,57,31:07.0
791,Spain,27-Apr-08,Kimi RÃ¤ikkÃ¶nen,RAI,Ferrari,66,38:19.1
792,Turkey,11-May-08,Felipe Massa,MAS,Ferrari,58,26:49.5
793,Monaco,25-May-08,Lewis Hamilton,HAM,McLaren Mercedes,76,00:42.7
794,Canada,08-Jun-08,Robert Kubica,KUB,Sauber BMW,70,36:24.4
795,France,22-Jun-08,Felipe Massa,MAS,Ferrari,70,31:50.2
796,Great Britain,06-Jul-08,Lewis Hamilton,HAM,McLaren Mercedes,60,39:09.4
797,Germany,20-Jul-08,Lewis Hamilton,HAM,McLaren Mercedes,67,31:20.9
798,Hungary,03-Aug-08,Heikki Kovalainen,KOV,McLaren Mercedes,70,37:27.1
799,Europe,24-Aug-08,Felipe Massa,MAS,Ferrari,57,35:32.3
800,Belgium,07-Sept-08,Felipe Massa,MAS,Ferrari,44,22:59.4
801,Italy,14-Sept-08,Sebastian Vettel,VET,STR Ferrari,53,26:47.5
802,Singapore,28-Sept-08,Fernando Alonso,ALO,Renault,61,57:16.3
803,Japan,12-Oct-08,Fernando Alonso,ALO,Renault,67,30:21.9
804,China,19-Oct-08,Lewis Hamilton,HAM,McLaren Mercedes,56,31:57.4
805,Brazil,02-Nov-08,Felipe Massa,MAS,Ferrari,71,34:11.4
806,Australia,29-Mar-09,Jenson Button,BUT,Brawn Mercedes,58,34:15.8
807,Malaysia,05-Apr-09,Jenson Button,BUT,Brawn Mercedes,31,55:30.6
808,China,19-Apr-09,Sebastian Vettel,VET,RBR Renault,56,57:43.5
809,Bahrain,26-Apr-09,Jenson Button,BUT,Brawn Mercedes,57,31:48.2
810,Spain,10-May-09,Jenson Button,BUT,Brawn Mercedes,66,37:19.2
811,Monaco,24-May-09,Jenson Button,BUT,Brawn Mercedes,78,40:44.3
812,Turkey,07-Jun-09,Jenson Button,BUT,Brawn Mercedes,58,26:24.8
813,Great Britain,21-Jun-09,Sebastian Vettel,VET,RBR Renault,60,22:49.3
814,Germany,12-Jul-09,Mark Webber,WEB,RBR Renault,60,36:43.3
815,Hungary,26-Jul-09,Lewis Hamilton,HAM,McLaren Mercedes,70,38:23.9
816,Europe,23-Aug-09,Rubens Barrichello,BAR,Brawn Mercedes,57,35:51.3
817,Belgium,30-Aug-09,Kimi RÃ¤ikkÃ¶nen,RAI,Ferrari,44,23:51.0
818,Italy,13-Sept-09,Rubens Barrichello,BAR,Brawn Mercedes,53,16:21.7
819,Singapore,27-Sept-09,Lewis Hamilton,HAM,McLaren Mercedes,61,56:06.3
820,Japan,04-Oct-09,Sebastian Vettel,VET,RBR Renault,53,28:20.4
821,Brazil,18-Oct-09,Mark Webber,WEB,RBR Renault,71,32:23.1
822,Abu Dhabi,01-Nov-09,Sebastian Vettel,VET,RBR Renault,55,34:03.4
823,Bahrain,14-Mar-10,Fernando Alonso,ALO,Ferrari,49,39:20.4
824,Australia,28-Mar-10,Jenson Button,BUT,McLaren Mercedes,58,33:36.5
825,Malaysia,04-Apr-10,Sebastian Vettel,VET,RBR Renault,56,33:48.4
826,China,18-Apr-10,Jenson Button,BUT,McLaren Mercedes,56,46:42.2
827,Spain,09-May-10,Mark Webber,WEB,RBR Renault,66,35:44.1
828,Monaco,16-May-10,Mark Webber,WEB,RBR Renault,78,50:13.4
829,Turkey,30-May-10,Lewis Hamilton,HAM,McLaren Mercedes,58,28:47.6
830,Canada,13-Jun-10,Lewis Hamilton,HAM,McLaren Mercedes,70,33:53.5
831,Europe,27-Jun-10,Sebastian Vettel,VET,RBR Renault,57,40:29.6
832,Great Britain,11-Jul-10,Mark Webber,WEB,RBR Renault,52,24:38.2
833,Germany,25-Jul-10,Fernando Alonso,ALO,Ferrari,67,27:38.9
834,Hungary,01-Aug-10,Mark Webber,WEB,RBR Renault,70,41:05.6
835,Belgium,29-Aug-10,Lewis Hamilton,HAM,McLaren Mercedes,44,29:04.3
836,Italy,12-Sept-10,Fernando Alonso,ALO,Ferrari,53,16:24.6
837,Singapore,26-Sept-10,Fernando Alonso,ALO,Ferrari,61,57:53.6
838,Japan,10-Oct-10,Sebastian Vettel,VET,RBR Renault,53,30:27.3
839,South Korea,24-Oct-10,Fernando Alonso,ALO,Ferrari,55,48:20.8
840,Brazil,07-Nov-10,Sebastian Vettel,VET,RBR Renault,71,33:11.8
841,Abu Dhabi,14-Nov-10,Sebastian Vettel,VET,RBR Renault,55,39:36.8
842,Australia,27-Mar-11,Sebastian Vettel,VET,Red Bull Racing Renault,58,29:30.3
843,Malaysia,10-Apr-11,Sebastian Vettel,VET,Red Bull Racing Renault,56,37:39.8
844,China,17-Apr-11,Lewis Hamilton,HAM,McLaren Mercedes,56,36:58.2
845,Turkey,08-May-11,Sebastian Vettel,VET,Red Bull Racing Renault,58,30:17.6
846,Spain,22-May-11,Sebastian Vettel,VET,Red Bull Racing Renault,66,39:03.3
847,Monaco,29-May-11,Sebastian Vettel,VET,Red Bull Racing Renault,78,09:38.4
848,Canada,12-Jun-11,Jenson Button,BUT,McLaren Mercedes,70,04:39.5
849,Europe,26-Jun-11,Sebastian Vettel,VET,Red Bull Racing Renault,57,39:36.2
850,Great Britain,10-Jul-11,Fernando Alonso,ALO,Ferrari,52,28:41.2
851,Germany,24-Jul-11,Lewis Hamilton,HAM,McLaren Mercedes,60,37:30.3
852,Hungary,31-Jul-11,Jenson Button,BUT,McLaren Mercedes,70,46:42.3
853,Belgium,28-Aug-11,Sebastian Vettel,VET,Red Bull Racing Renault,44,26:44.9
854,Italy,11-Sept-11,Sebastian Vettel,VET,Red Bull Racing Renault,53,20:46.2
855,Singapore,25-Sept-11,Sebastian Vettel,VET,Red Bull Racing Renault,61,59:06.8
856,Japan,09-Oct-11,Jenson Button,BUT,McLaren Mercedes,53,30:53.4
857,South Korea,16-Oct-11,Sebastian Vettel,VET,Red Bull Racing Renault,55,38:02.0
858,India,30-Oct-11,Sebastian Vettel,VET,Red Bull Racing Renault,60,30:35.0
859,Abu Dhabi,13-Nov-11,Lewis Hamilton,HAM,McLaren Mercedes,55,37:11.9
860,Brazil,27-Nov-11,Mark Webber,WEB,Red Bull Racing Renault,71,32:17.5
861,Australia,18-Mar-12,Jenson Button,BUT,McLaren Mercedes,58,34:09.6
862,Malaysia,25-Mar-12,Fernando Alonso,ALO,Ferrari,56,44:51.8
863,China,15-Apr-12,Nico Rosberg,ROS,Mercedes,56,36:26.9
864,Bahrain,22-Apr-12,Sebastian Vettel,VET,Red Bull Racing Renault,57,35:11.0
865,Spain,13-May-12,Pastor Maldonado,MAL,Williams Renault,66,39:09.1
866,Monaco,27-May-12,Mark Webber,WEB,Red Bull Racing Renault,78,46:06.6
867,Canada,10-Jun-12,Lewis Hamilton,HAM,McLaren Mercedes,70,32:29.6
868,Europe,24-Jun-12,Fernando Alonso,ALO,Ferrari,57,44:16.6
869,Great Britain,08-Jul-12,Mark Webber,WEB,Red Bull Racing Renault,52,25:11.3
870,Germany,22-Jul-12,Fernando Alonso,ALO,Ferrari,67,31:05.9
871,Hungary,29-Jul-12,Lewis Hamilton,HAM,McLaren Mercedes,69,41:05.5
872,Belgium,02-Sept-12,Jenson Button,BUT,McLaren Mercedes,44,29:08.5
873,Italy,09-Sept-12,Lewis Hamilton,HAM,McLaren Mercedes,53,19:41.2
874,Singapore,23-Sept-12,Sebastian Vettel,VET,Red Bull Racing Renault,59,00:26.1
875,Japan,07-Oct-12,Sebastian Vettel,VET,Red Bull Racing Renault,53,28:56.2
876,South Korea,14-Oct-12,Sebastian Vettel,VET,Red Bull Racing Renault,55,36:28.7
877,India,28-Oct-12,Sebastian Vettel,VET,Red Bull Racing Renault,60,31:10.7
878,Abu Dhabi,04-Nov-12,Kimi RÃ¤ikkÃ¶nen,RAI,Lotus Renault,55,45:58.7
879,United States,18-Nov-12,Lewis Hamilton,HAM,McLaren Mercedes,56,35:55.3
880,Brazil,25-Nov-12,Jenson Button,BUT,McLaren Mercedes,71,45:22.7
881,Australia,17-Mar-13,Kimi RÃ¤ikkÃ¶nen,RAI,Lotus Renault,58,30:03.2
882,Malaysia,24-Mar-13,Sebastian Vettel,VET,Red Bull Racing Renault,56,38:56.7
883,China,14-Apr-13,Fernando Alonso,ALO,Ferrari,56,36:26.9
884,Bahrain,21-Apr-13,Sebastian Vettel,VET,Red Bull Racing Renault,57,36:00.5
885,Spain,12-May-13,Fernando Alonso,ALO,Ferrari,66,39:16.6
886,Monaco,26-May-13,Nico Rosberg,ROS,Mercedes,78,17:52.1
887,Canada,09-Jun-13,Sebastian Vettel,VET,Red Bull Racing Renault,70,32:09.1
888,Great Britain,30-Jun-13,Nico Rosberg,ROS,Mercedes,52,32:59.5
889,Germany,07-Jul-13,Sebastian Vettel,VET,Red Bull Racing Renault,60,41:14.7
890,Hungary,28-Jul-13,Lewis Hamilton,HAM,Mercedes,70,42:29.4
891,Belgium,25-Aug-13,Sebastian Vettel,VET,Red Bull Racing Renault,44,23:42.2
892,Italy,08-Sept-13,Sebastian Vettel,VET,Red Bull Racing Renault,53,18:33.4
893,Singapore,22-Sept-13,Sebastian Vettel,VET,Red Bull Racing Renault,61,59:13.1
894,South Korea,06-Oct-13,Sebastian Vettel,VET,Red Bull Racing Renault,55,43:13.7
895,Japan,13-Oct-13,Sebastian Vettel,VET,Red Bull Racing Renault,53,26:49.3
896,India,27-Oct-13,Sebastian Vettel,VET,Red Bull Racing Renault,60,31:12.2
897,Abu Dhabi,03-Nov-13,Sebastian Vettel,VET,Red Bull Racing Renault,55,38:06.1
898,United States,17-Nov-13,Sebastian Vettel,VET,Red Bull Racing Renault,56,39:17.1
899,Brazil,24-Nov-13,Sebastian Vettel,VET,Red Bull Racing Renault,71,32:36.3
900,Australia,16-Mar-14,Nico Rosberg,ROS,Mercedes,57,32:58.7
901,Malaysia,30-Mar-14,Lewis Hamilton,HAM,Mercedes,56,40:26.0
902,Bahrain,06-Apr-14,Lewis Hamilton,HAM,Mercedes,57,39:42.7
903,China,20-Apr-14,Lewis Hamilton,HAM,Mercedes,54,33:28.3
904,Spain,11-May-14,Lewis Hamilton,HAM,Mercedes,66,41:05.2
905,Monaco,25-May-14,Nico Rosberg,ROS,Mercedes,78,49:27.7
906,Canada,08-Jun-14,Daniel Ricciardo,RIC,Red Bull Racing Renault,70,39:12.8
907,Austria,22-Jun-14,Nico Rosberg,ROS,Mercedes,71,27:55.0
908,Great Britain,06-Jul-14,Lewis Hamilton,HAM,Mercedes,52,26:52.1
909,Germany,20-Jul-14,Nico Rosberg,ROS,Mercedes,67,33:42.9
910,Hungary,27-Jul-14,Daniel Ricciardo,RIC,Red Bull Racing Renault,70,53:05.1
911,Belgium,24-Aug-14,Daniel Ricciardo,RIC,Red Bull Racing Renault,44,24:36.6
912,Italy,07-Sept-14,Lewis Hamilton,HAM,Mercedes,53,19:10.2
913,Singapore,21-Sept-14,Lewis Hamilton,HAM,Mercedes,60,00:04.8
914,Japan,05-Oct-14,Lewis Hamilton,HAM,Mercedes,44,51:43.0
915,Russia,21-Oct-14,Lewis Hamilton,HAM,Mercedes,53,31:50.7
916,United States,02-Nov-14,Lewis Hamilton,HAM,Mercedes,56,40:04.8
917,Brazil,09-Nov-14,Nico Rosberg,ROS,Mercedes,71,30:02.6
918,Abu Dhabi,23-Nov-14,Lewis Hamilton,HAM,Mercedes,55,39:02.6
919,Australia,15-Mar-15,Lewis Hamilton,HAM,Mercedes,58,31:54.1
920,Malaysia,29-Mar-15,Sebastian Vettel,VET,Ferrari,56,41:05.8
921,China,12-Apr-15,Lewis Hamilton,HAM,Mercedes,56,39:42.0
922,Bahrain,19-Apr-15,Lewis Hamilton,HAM,Mercedes,57,35:05.8
923,Spain,10-May-15,Nico Rosberg,ROS,Mercedes,66,41:12.6
924,Monaco,24-May-15,Nico Rosberg,ROS,Mercedes,78,49:18.4
925,Canada,07-Jun-15,Lewis Hamilton,HAM,Mercedes,70,31:53.1
926,Austria,21-Jun-15,Nico Rosberg,ROS,Mercedes,71,30:16.9
927,Great Britain,05-Jul-15,Lewis Hamilton,HAM,Mercedes,52,31:27.7
928,Hungary,26-Jul-15,Sebastian Vettel,VET,Ferrari,69,46:10.0
929,Belgium,23-Aug-15,Lewis Hamilton,HAM,Mercedes,43,23:40.4
930,Italy,06-Sept-15,Lewis Hamilton,HAM,Mercedes,53,18:00.7
931,Singapore,20-Sept-15,Sebastian Vettel,VET,Ferrari,61,01:22.1
932,Japan,27-Sept-15,Lewis Hamilton,HAM,Mercedes,53,28:06.5
933,Russia,11-Oct-15,Lewis Hamilton,HAM,Mercedes,53,37:11.0
934,United States,25-Oct-15,Lewis Hamilton,HAM,Mercedes,56,50:52.7
935,Mexico,01-Nov-15,Nico Rosberg,ROS,Mercedes,71,42:35.0
936,Brazil,15-Nov-15,Nico Rosberg,ROS,Mercedes,71,31:09.1
937,Abu Dhabi,29-Nov-15,Nico Rosberg,ROS,Mercedes,55,38:30.2
938,Australia,20-Mar-16,Nico Rosberg,ROS,Mercedes,57,48:15.6
939,Bahrain,03-Apr-16,Nico Rosberg,ROS,Mercedes,57,33:34.7
940,China,17-Apr-16,Nico Rosberg,ROS,Mercedes,56,38:53.9
941,Russia,01-May-16,Nico Rosberg,ROS,Mercedes,53,32:42.0
942,Spain,15-May-16,Max Verstappen,VES,Red Bull Racing TAG Heuer,66,41:40.0
943,Monaco,29-May-16,Lewis Hamilton,HAM,Mercedes,78,59:29.1
944,Canada,12-Jun-16,Lewis Hamilton,HAM,Mercedes,70,31:05.3
945,Europe,19-Jun-16,Nico Rosberg,ROS,Mercedes,51,32:52.4
946,Austria,03-Jul-16,Lewis Hamilton,HAM,Mercedes,71,27:38.1
947,Great Britain,10-Jul-16,Lewis Hamilton,HAM,Mercedes,52,34:55.8
948,Hungary,24-Jul-16,Lewis Hamilton,HAM,Mercedes,70,40:30.1
949,Germany,31-Jul-16,Lewis Hamilton,HAM,Mercedes,67,30:44.2
950,Belgium,28-Aug-16,Nico Rosberg,ROS,Mercedes,44,44:51.1
951,Italy,04-Sept-16,Nico Rosberg,ROS,Mercedes,53,17:28.1
952,Singapore,18-Sept-16,Nico Rosberg,ROS,Mercedes,61,55:49.0
953,Malaysia,02-Oct-16,Daniel Ricciardo,RIC,Red Bull Racing TAG Heuer,56,37:12.8
954,Japan,09-Oct-16,Nico Rosberg,ROS,Mercedes,53,26:43.3
955,United States,23-Oct-16,Lewis Hamilton,HAM,Mercedes,56,38:12.6
956,Mexico,30-Oct-16,Lewis Hamilton,HAM,Mercedes,71,40:31.4
957,Brazil,13-Nov-16,Lewis Hamilton,HAM,Mercedes,71,01:01.3
958,Abu Dhabi,27-Nov-16,Lewis Hamilton,HAM,Mercedes,55,38:04.0
959,Australia,26-Mar-17,Sebastian Vettel,VET,Ferrari,57,24:11.7
960,China,09-Apr-17,Lewis Hamilton,HAM,Mercedes,56,37:36.2
961,Bahrain,16-Apr-17,Sebastian Vettel,VET,Ferrari,57,33:53.4
962,Russia,30-Apr-17,Valtteri Bottas,BOT,Mercedes,52,28:08.7
963,Spain,14-May-17,Lewis Hamilton,HAM,Mercedes,66,35:56.5
964,Monaco,28-May-17,Sebastian Vettel,VET,Ferrari,78,44:44.3
965,Canada,11-Jun-17,Lewis Hamilton,HAM,Mercedes,70,33:05.2
966,Azerbaijan,25-Jun-17,Daniel Ricciardo,RIC,Red Bull Racing TAG Heuer,51,03:55.6
967,Austria,09-Jul-17,Valtteri Bottas,BOT,Mercedes,71,21:48.5
968,Great Britain,16-Jul-17,Lewis Hamilton,HAM,Mercedes,51,21:27.4
969,Hungary,30-Jul-17,Sebastian Vettel,VET,Ferrari,70,39:46.7
970,Belgium,27-Aug-17,Lewis Hamilton,HAM,Mercedes,44,24:42.8
971,Italy,03-Sept-17,Lewis Hamilton,HAM,Mercedes,53,15:32.3
972,Singapore,17-Sept-17,Lewis Hamilton,HAM,Mercedes,58,03:23.5
973,Malaysia,01-Oct-17,Max Verstappen,VER,Red Bull Racing TAG Heuer,56,30:01.3
974,Japan,08-Oct-17,Lewis Hamilton,HAM,Mercedes,53,27:31.2
975,United States,22-Oct-17,Lewis Hamilton,HAM,Mercedes,56,33:51.0
976,Mexico,29-Oct-17,Max Verstappen,VER,Red Bull Racing TAG Heuer,71,36:26.6
977,Brazil,12-Nov-17,Sebastian Vettel,VET,Ferrari,71,31:26.3
978,Abu Dhabi,26-Nov-17,Valtteri Bottas,BOT,Mercedes,55,34:14.1
979,Australia,25-Mar-18,Sebastian Vettel,VET,Ferrari,58,29:33.3
980,Bahrain,08-Apr-18,Sebastian Vettel,VET,Ferrari,57,32:01.9
981,China,15-Apr-18,Daniel Ricciardo,RIC,Red Bull Racing TAG Heuer,56,35:36.4
982,Azerbaijan,29-Apr-18,Lewis Hamilton,HAM,Mercedes,51,43:44.3
983,Spain,13-May-18,Lewis Hamilton,HAM,Mercedes,66,35:30.0
984,Monaco,27-May-18,Daniel Ricciardo,RIC,Red Bull Racing TAG Heuer,78,42:54.8
985,Canada,10-Jun-18,Sebastian Vettel,VET,Ferrari,68,28:31.4
986,France,24-Jun-18,Lewis Hamilton,HAM,Mercedes,53,30:11.4
987,Austria,01-Jul-18,Max Verstappen,VER,Red Bull Racing TAG Heuer,71,21:56.0
988,Great Britain,08-Jul-18,Sebastian Vettel,VET,Ferrari,52,27:29.8
989,Germany,22-Jul-18,Lewis Hamilton,HAM,Mercedes,67,32:29.8
990,Hungary,29-Jul-18,Lewis Hamilton,HAM,Mercedes,70,37:16.4
991,Belgium,26-Aug-18,Sebastian Vettel,VET,Ferrari,44,23:34.5
992,Italy,02-Sept-18,Lewis Hamilton,HAM,Mercedes,53,16:54.5
993,Singapore,16-Sept-18,Lewis Hamilton,HAM,Mercedes,61,51:11.6
994,Russia,30-Sept-18,Lewis Hamilton,HAM,Mercedes,53,27:25.2
995,Japan,07-Oct-18,Lewis Hamilton,HAM,Mercedes,53,27:17.1
996,United States,21-Oct-18,Kimi RÃ¤ikkÃ¶nen,RAI,Ferrari,56,34:18.6
997,Mexico,28-Oct-18,Max Verstappen,VER,Red Bull Racing TAG Heuer,71,38:28.9
998,Brazil,11-Nov-18,Lewis Hamilton,HAM,Mercedes,71,27:09.1
999,Abu Dhabi,25-Nov-18,Lewis Hamilton,HAM,Mercedes,55,39:40.4
1000,Australia,17-Mar-19,Valtteri Bottas,BOT,Mercedes,58,25:27.3
1001,Bahrain,31-Mar-19,Lewis Hamilton,HAM,Mercedes,57,34:21.3
1002,China,14-Apr-19,Lewis Hamilton,HAM,Mercedes,56,32:06.4
1003,Azerbaijan,28-Apr-19,Valtteri Bottas,BOT,Mercedes,51,31:52.9
1004,Spain,12-May-19,Lewis Hamilton,HAM,Mercedes,66,35:50.4
1005,Monaco,26-May-19,Lewis Hamilton,HAM,Mercedes,78,43:28.4
1006,Canada,09-Jun-19,Lewis Hamilton,HAM,Mercedes,70,29:07.1
1007,France,23-Jun-19,Lewis Hamilton,HAM,Mercedes,53,24:31.2
1008,Austria,30-Jun-19,Max Verstappen,VER,Red Bull Racing Honda,71,22:01.8
1009,Great Britain,14-Jul-19,Lewis Hamilton,HAM,Mercedes,52,21:08.5
1010,Germany,28-Jul-19,Max Verstappen,VER,Red Bull Racing Honda,64,44:31.3
1011,Hungary,04-Aug-19,Lewis Hamilton,HAM,Mercedes,70,35:03.8
1012,Belgium,01-Sept-19,Charles Leclerc,LEC,Ferrari,44,23:45.7
1013,Italy,08-Sept-19,Charles Leclerc,LEC,Ferrari,53,15:26.7
1014,Singapore,22-Sept-19,Sebastian Vettel,VET,Ferrari,61,58:33.7
1015,Russia,29-Sept-19,Lewis Hamilton,HAM,Mercedes,53,33:39.0
1016,Japan,13-Oct-19,Valtteri Bottas,BOT,Mercedes,52,21:46.8
1017,Mexico,27-Oct-19,Lewis Hamilton,HAM,Mercedes,71,36:48.9
1018,United States,03-Nov-19,Valtteri Bottas,BOT,Mercedes,56,33:55.7
1019,Brazil,17-Nov-19,Max Verstappen,VER,Red Bull Racing Honda,71,33:14.7
1020,Abu Dhabi,01-Dec-19,Lewis Hamilton,HAM,Mercedes,55,34:05.7
1021,Austria,05-Jul-20,Valtteri Bottas,BOT,Mercedes,71,30:55.7
1022,Styria,12-Jul-20,Lewis Hamilton,HAM,Mercedes,71,22:50.7
1023,Hungary,19-Jul-20,Lewis Hamilton,HAM,Mercedes,70,36:12.5
1024,Great Britain,02-Aug-20,Lewis Hamilton,HAM,Mercedes,52,28:01.3
1025,70th Anniversary,09-Aug-20,Max Verstappen,VER,Red Bull Racing Honda,52,19:42.0
1026,Spain,16-Aug-20,Lewis Hamilton,HAM,Mercedes,66,31:45.3
1027,Belgium,30-Aug-20,Lewis Hamilton,HAM,Mercedes,44,24:08.8
1028,Italy,06-Sept-20,Pierre Gasly,GAS,AlphaTauri Honda,53,47:06.1
1029,Tuscany,13-Sept-20,Lewis Hamilton,HAM,Mercedes,59,19:35.1
1030,Russia,27-Sept-20,Valtteri Bottas,BOT,Mercedes,53,34:00.4
1031,Eifel,11-Oct-20,Lewis Hamilton,HAM,Mercedes,60,35:49.6
1032,Portugal,25-Oct-20,Lewis Hamilton,HAM,Mercedes,66,29:56.8
1033,Emilia Romagna,01-Nov-20,Lewis Hamilton,HAM,Mercedes,63,28:32.4
1034,Turkey,15-Nov-20,Lewis Hamilton,HAM,Mercedes,58,42:19.3
1035,Bahrain,29-Nov-20,Lewis Hamilton,HAM,Mercedes,57,59:47.5
1036,Sakhir,06-Dec-20,Sergio Perez,PER,Racing Point BWT Mercedes,87,31:15.1
1037,Abu Dhabi,13-Dec-20,Max Verstappen,VER,Red Bull Racing Honda,55,36:28.6